id,leader_id
122ea9d9-0e7b-4229-b5dc-9f5bb6727672,455db50c-aacf-4dfc-96a4-93ff2140370a
455db50c-aacf-4dfc-96a4-93ff2140370a,add8e17f-4f9e-4d67-83f6-1fcc6c090151
0a92d115-4fd0-4d34-bb48-bbe6393d329e,c51df459-9c1f-4108-9dd4-55215d952710
28fdd5f4-78ec-4529-a669-757c5b5be176,455db50c-aacf-4dfc-96a4-93ff2140370a
54b2a4bd-d082-4c9a-8916-8eccc3b6b2ec,3f4491ca-1e9d-4bf0-97bc-8266b21e5607
125a9b8a-f842-4097-8e0c-f16255b57996,5dcd1ae2-6f3e-4eaa-9b90-087113080b3b
30a362ef-9f3d-4d53-b76d-09f3d29b002e,e2c609cc-e42a-49f2-945e-121db208d7df
bbfddd7d-349e-4dbe-8e22-0adc8fd6f9c0,36be18c6-5afd-4a9a-8378-dabf324aaa98
5dcd1ae2-6f3e-4eaa-9b90-087113080b3b,2c9242c8-0803-40db-ba27-d1637c018242
6c5cf7e4-cd3b-4887-a130-8d66664d6cbc,2c9242c8-0803-40db-ba27-d1637c018242
0cdb91d5-2d7c-43b6-a064-3900fa989e55,46d0df03-7246-4ce4-9ee3-821d15001e50
a0444794-3dea-4d85-8b78-76b8875ce91f,575038c7-3473-4017-8c66-bdd694e5f65a
6930d12f-80e2-4f11-925c-6ed58eaf1d33,92c2bbf8-1f4d-46c8-bbc6-f0921cfc0e4e
d7e11fb8-4a8e-4d17-bafc-3e77bfc55ad3,b659848b-7655-47cd-a25b-15cc5b085860
69d0fda6-6881-4121-a3d9-1acab618f624,eb0c3ce7-d106-45d5-9509-e4bec0771372
6134a198-f559-4e4c-b6c7-a29d9aefeede,41454eb0-552c-4415-93e6-68188fc329e2
0b913415-6129-4198-b318-b7023d2acea7,c51df459-9c1f-4108-9dd4-55215d952710
ae1d495a-c300-4ac7-8050-ec83ee09419e,9734853f-4956-467b-9217-536015ee1a3d
ee574932-0de9-4a5f-8548-fa9fd96f65df,a55eef8d-c1e4-4ae1-bfc6-7fe8e2be94e4
31cdce64-04d5-4be0-8acb-49e765305514,b164a290-d1b9-497d-8945-9497a7e5cfa3
4d96b3db-87f8-4d6b-961d-46443b683f4c,e2c609cc-e42a-49f2-945e-121db208d7df
336f3a47-d234-4eac-bd72-ed4160eeb8ac,36be18c6-5afd-4a9a-8378-dabf324aaa98
563c2b9c-8208-43df-bb8f-94096da5b17f,d199cbe9-afad-4723-b39b-7e75eb99ae18
4c6affb4-80ae-4e55-8af2-992e5286f5db,a0444794-3dea-4d85-8b78-76b8875ce91f
41454eb0-552c-4415-93e6-68188fc329e2,e2c609cc-e42a-49f2-945e-121db208d7df
2be23925-ff1d-4489-a15c-682eb14131a5,e2c609cc-e42a-49f2-945e-121db208d7df
ea8caa44-5a05-4f8f-b9f5-d9158d7eee35,3f609088-deff-498d-a406-6a25cffb232f
69dd9d21-ca3a-408c-962c-3a7da953a9ca,36be18c6-5afd-4a9a-8378-dabf324aaa98
0acc05dd-b5a0-4afa-89b9-34b8ca0bf67a,36be18c6-5afd-4a9a-8378-dabf324aaa98
e41c5749-b33d-4746-9be4-f40d3f42ec66,260c92dc-11b4-4d4e-bb75-3244098db853
22de8d58-0c90-4282-97f6-7e1bd3448d4b,4d9c09cf-ea7b-4ad9-8a95-a14f8946beb2
93705730-73de-4e4d-885e-4744b4d5fe76,c2aff27c-37f2-4782-9e65-8849a1d92b54
2480c971-b623-452a-b5d8-f8eb1be66f6f,b659848b-7655-47cd-a25b-15cc5b085860
a928eeba-0f50-433e-a46a-8c8d36515fb1,176c8161-7c21-46d3-98f8-d08b7f7e7a09
df4198e5-3599-4fa9-8658-a95050bed8ee,d9821cd7-6b79-4af8-abd4-d6094ae055ab
b755ec89-0784-400e-9de6-1906b531622e,c51df459-9c1f-4108-9dd4-55215d952710
1391c1da-9d8f-4fcc-8156-00cd00504ff3,414f73c7-91a6-4863-8d00-b149006d2ece
7ef9297b-ec4f-4e7e-873c-5a717042abd4,260c92dc-11b4-4d4e-bb75-3244098db853
d5acdf8a-d27e-4784-9247-7d9581578d21,8be3b8b2-88e0-4800-a683-0bcf614c3c9d
13faac90-46f8-4a3b-a248-74d95fff3c77,30a362ef-9f3d-4d53-b76d-09f3d29b002e
cacbda5e-7400-45ba-a959-097d74d7866c,ca9b9d61-0299-4d97-b92b-a0b88bc91f97
974bbdcb-3814-4c18-a85c-d8b2969b8419,e2c609cc-e42a-49f2-945e-121db208d7df
176c8161-7c21-46d3-98f8-d08b7f7e7a09,374fe992-196c-4459-ac2d-73506e791564
36be18c6-5afd-4a9a-8378-dabf324aaa98,9734853f-4956-467b-9217-536015ee1a3d
80940a1a-19c7-4995-ab6b-664de0dfe98f,a0444794-3dea-4d85-8b78-76b8875ce91f
f982bdda-ee0a-4f4b-8c16-9903514cb39b,4967318a-8b3f-4ef8-8f22-2f05e03b0a0c
5bd8558e-39c4-419a-96af-b827a91de0bf,41454eb0-552c-4415-93e6-68188fc329e2
6e193ab2-cfc2-43e4-893c-85592a7c6f53,974bbdcb-3814-4c18-a85c-d8b2969b8419
7cac2d41-b8a9-4b3a-8ac4-93b861344e8e,974bbdcb-3814-4c18-a85c-d8b2969b8419
212080dd-bf5b-40ce-a000-a379bcbe2073,46d0df03-7246-4ce4-9ee3-821d15001e50
4bc0ce79-c62e-47cc-8aad-da862f2cf10d,1074f99f-7b25-43b3-8794-09d84fe4f72d
bc340daa-a6ef-42c7-b5de-38fb35844040,e2c609cc-e42a-49f2-945e-121db208d7df
d1634c96-5df7-47b5-b145-f362b054673c,2be23925-ff1d-4489-a15c-682eb14131a5
3b9f4170-ee8d-43e9-bbeb-14b8e056bac5,aeea7aa6-5dd3-41b4-96b9-70ccd969ccf5
53232d18-902f-49ad-a28d-df78b5fca914,16c916d8-28cb-44f4-b02d-69ee047174ce
8e1a92c4-8f9d-4384-a36c-d71755da54e3,3f609088-deff-498d-a406-6a25cffb232f
e8b3b1f8-4943-435e-b3b6-0278dd24ce9f,30a362ef-9f3d-4d53-b76d-09f3d29b002e
88d62716-6476-48b0-9ded-1de427df566e,c51df459-9c1f-4108-9dd4-55215d952710
e229f3d9-ab9a-405a-86cc-8c6e3467497c,2c9242c8-0803-40db-ba27-d1637c018242
f2a88d41-5aff-4761-8c20-e8e450457244,5dcd1ae2-6f3e-4eaa-9b90-087113080b3b
ac0273dc-4473-42a2-bdad-debfa82ae124,53232d18-902f-49ad-a28d-df78b5fca914
fa2bbe5c-04e9-4203-8969-47d0893925e2,455db50c-aacf-4dfc-96a4-93ff2140370a
8b1831cc-b08e-4eda-a314-f8e409d50900,d9821cd7-6b79-4af8-abd4-d6094ae055ab
b6bfcc75-2e77-4c8b-ba8b-26cd74ee85d1,add8e17f-4f9e-4d67-83f6-1fcc6c090151
cdc9efc6-895d-4556-8428-2d38c08eca90,b659848b-7655-47cd-a25b-15cc5b085860
267c92e7-a3aa-4881-ab95-7b0862dc78ae,d1634c96-5df7-47b5-b145-f362b054673c
e0ae463d-bfab-4fa3-a400-143f1b0224ff,46d0df03-7246-4ce4-9ee3-821d15001e50
12aba2ec-9d3a-4016-90d5-dd0e87e52505,e2c609cc-e42a-49f2-945e-121db208d7df
260c92dc-11b4-4d4e-bb75-3244098db853,2c9242c8-0803-40db-ba27-d1637c018242
de47c0e2-1a03-46cb-9d6c-9d0540703534,4967318a-8b3f-4ef8-8f22-2f05e03b0a0c
8308c9cc-81ce-4907-8c5f-ab42ac6cd368,7673125c-83da-4b54-98b6-1765324891f4
ce9a43b6-8bd7-48f2-9548-617d150fd029,4d9c09cf-ea7b-4ad9-8a95-a14f8946beb2
a30196ef-3cf6-47a6-819c-2a961e7d2d59,16c916d8-28cb-44f4-b02d-69ee047174ce
4225726a-60f4-4a4e-941e-9d5969d19cab,ae1d495a-c300-4ac7-8050-ec83ee09419e
e0c58e86-df84-4a68-8f4b-7eda9c7d8ad4,a0444794-3dea-4d85-8b78-76b8875ce91f
eea5dcab-f625-46ba-8efa-a823667adb3a,41454eb0-552c-4415-93e6-68188fc329e2
bc93e384-afc9-42f4-b8af-5e2e6c4b9275,bed94071-eab9-4e38-bdb2-100766987276
af114df9-375c-44e9-a64c-180f8cf7bd63,185a890b-a873-42ac-a55f-3f272dbc9228
ca9b9d61-0299-4d97-b92b-a0b88bc91f97,16315db9-6aef-42a4-a85b-e4b2613abbf8
770c002f-ba52-4988-a758-3890c170c5ab,974bbdcb-3814-4c18-a85c-d8b2969b8419
60edc53c-93b6-4509-b83f-681f5daa8b15,30a362ef-9f3d-4d53-b76d-09f3d29b002e
f1808b98-9151-49a5-a44f-d2da1a600070,16c916d8-28cb-44f4-b02d-69ee047174ce
a7f47b2f-dfd6-4588-9566-e6cdf0d37e62,455db50c-aacf-4dfc-96a4-93ff2140370a
bfc3a6ec-25b2-4dbe-8d14-ee68da44e02c,d1634c96-5df7-47b5-b145-f362b054673c
56f36aa0-cba9-4c54-9a6a-bec57800695b,260c92dc-11b4-4d4e-bb75-3244098db853
a35227eb-14b7-48b0-92a8-ec77df37f4f0,7673125c-83da-4b54-98b6-1765324891f4
8150640b-55a0-4443-9325-9573884de2f5,3f4491ca-1e9d-4bf0-97bc-8266b21e5607
2db96a07-517b-4143-8036-1988c857367e,b659848b-7655-47cd-a25b-15cc5b085860
c2aff27c-37f2-4782-9e65-8849a1d92b54,567f7cf4-ece5-4d1f-8dbe-805a0e4c81e4
549ae8ee-e9e5-440e-9226-e7da5e5948d9,57804e36-120b-4381-9524-8823206d97de
03f7b959-9005-41f4-8244-575b141c0245,30a362ef-9f3d-4d53-b76d-09f3d29b002e
92c2bbf8-1f4d-46c8-bbc6-f0921cfc0e4e,2be23925-ff1d-4489-a15c-682eb14131a5
0c016f3f-b1a8-41b6-98c0-d454b8a96cee,41454eb0-552c-4415-93e6-68188fc329e2
15f2158b-3516-47a6-933f-f092176f3cd5,41454eb0-552c-4415-93e6-68188fc329e2
4967318a-8b3f-4ef8-8f22-2f05e03b0a0c,c51df459-9c1f-4108-9dd4-55215d952710
28162dd1-ac70-473d-b75e-b8152194bb09,d199cbe9-afad-4723-b39b-7e75eb99ae18
22c73cef-7b87-4851-9515-26f92aed0145,add8e17f-4f9e-4d67-83f6-1fcc6c090151
f902e34b-c7f3-4d8e-95a8-8fb5ff5afa10,36be18c6-5afd-4a9a-8378-dabf324aaa98
e6944284-6701-492a-9a59-8f89ed9e778d,c2aff27c-37f2-4782-9e65-8849a1d92b54
51729047-d90a-4b0f-9a48-715c40979bc4,ae1d495a-c300-4ac7-8050-ec83ee09419e
68a652d8-ed12-40f8-949f-4e59f53fac71,260c92dc-11b4-4d4e-bb75-3244098db853
e406a7ac-1bf8-49bc-9909-04ad863868bf,36be18c6-5afd-4a9a-8378-dabf324aaa98
4fdf9246-4eec-4fbe-9d40-8d41a1335b5d,e229f3d9-ab9a-405a-86cc-8c6e3467497c
e198ca4d-1a11-4aac-bbd6-01e1355d0b3a,a0444794-3dea-4d85-8b78-76b8875ce91f
3f609088-deff-498d-a406-6a25cffb232f,e2c609cc-e42a-49f2-945e-121db208d7df
16315db9-6aef-42a4-a85b-e4b2613abbf8,c523e7b0-bee7-4af5-9178-531e2aa93b30
b412f483-60d6-44a6-a485-ea6cb098dd97,260c92dc-11b4-4d4e-bb75-3244098db853
9dc771ff-193b-41b4-a336-37b7645e7cdd,5dcd1ae2-6f3e-4eaa-9b90-087113080b3b
aeea7aa6-5dd3-41b4-96b9-70ccd969ccf5,30a362ef-9f3d-4d53-b76d-09f3d29b002e
0b2cbc07-a655-4412-b9f2-811c74fe935c,260c92dc-11b4-4d4e-bb75-3244098db853
6ced3002-4fa6-4d65-b76f-9b356570d361,414f73c7-91a6-4863-8d00-b149006d2ece
aefdfddf-2c31-42f1-8a59-e33aca5892d9,d1634c96-5df7-47b5-b145-f362b054673c
233adca9-166b-4021-af29-024bdf4a4eae,e229f3d9-ab9a-405a-86cc-8c6e3467497c
bba8e787-cff8-4224-a92b-9c3d3a467e37,ae1d495a-c300-4ac7-8050-ec83ee09419e
3f4491ca-1e9d-4bf0-97bc-8266b21e5607,9734853f-4956-467b-9217-536015ee1a3d
1074f99f-7b25-43b3-8794-09d84fe4f72d,bed94071-eab9-4e38-bdb2-100766987276
1450fbc4-bd54-4107-bc1a-18a10b3a3b73,414f73c7-91a6-4863-8d00-b149006d2ece
414f73c7-91a6-4863-8d00-b149006d2ece,5dcd1ae2-6f3e-4eaa-9b90-087113080b3b
8f5ea22a-81cc-4094-90eb-7e734ed07b1b,add8e17f-4f9e-4d67-83f6-1fcc6c090151
d5599357-16cd-4243-bf53-9e02bcc05e9d,4d9c09cf-ea7b-4ad9-8a95-a14f8946beb2
b164a290-d1b9-497d-8945-9497a7e5cfa3,9734853f-4956-467b-9217-536015ee1a3d
add8e17f-4f9e-4d67-83f6-1fcc6c090151,e2c609cc-e42a-49f2-945e-121db208d7df
08d511c9-18fe-4d28-8b49-85aa2a30f1c1,b164a290-d1b9-497d-8945-9497a7e5cfa3
a2aaa8ed-0593-48f8-a6ad-3395bdc24d8d,455db50c-aacf-4dfc-96a4-93ff2140370a
20e00bd5-bd41-4b93-afa5-a06d03a940f4,9734853f-4956-467b-9217-536015ee1a3d
8be3b8b2-88e0-4800-a683-0bcf614c3c9d,16315db9-6aef-42a4-a85b-e4b2613abbf8
b091d850-bf1f-4ef7-8456-0dc229e3f50d,9f492dc9-9a2e-49d0-b6ce-befa30592587
2924b327-b096-49de-89af-385122be3790,2c9242c8-0803-40db-ba27-d1637c018242
0d676a40-10f1-4e5d-87a8-d610fc36da11,3f609088-deff-498d-a406-6a25cffb232f
d19ded7d-21b7-4488-b58a-9a7b59780049,567f7cf4-ece5-4d1f-8dbe-805a0e4c81e4
7a0ef535-1c1a-447f-94eb-b878de28731a,d1634c96-5df7-47b5-b145-f362b054673c
4edb134c-a83f-4c61-a7d9-2e883fe3f8b5,414f73c7-91a6-4863-8d00-b149006d2ece
71425d8a-baab-4aef-8956-48e96d6564d9,aeea7aa6-5dd3-41b4-96b9-70ccd969ccf5
d199cbe9-afad-4723-b39b-7e75eb99ae18,dd9f1e21-2284-4cb7-b6dc-9fb6c2f9a658
0a5c61f7-8779-4702-ab29-bcce2d307320,a0444794-3dea-4d85-8b78-76b8875ce91f
8cff519e-d1cd-4330-b736-60a81c216c7b,ab33a624-f93e-4415-a82e-e044f80fb827
8b768b57-4144-449c-b071-6e8f189493a4,5dcd1ae2-6f3e-4eaa-9b90-087113080b3b
30dd4acc-dd4e-4b6a-af66-f8f3c7122682,81426015-035f-420e-b4f0-36422ec6fd6b
4df753f6-8c2c-44cf-b2f8-1fd07d127503,aeea7aa6-5dd3-41b4-96b9-70ccd969ccf5
413b8e07-76e4-4df3-812f-d82ec0b0f2b0,c2aff27c-37f2-4782-9e65-8849a1d92b54
1594f4c0-fb86-41a0-a5ea-6a9761026438,41454eb0-552c-4415-93e6-68188fc329e2
1c442a35-506c-41c0-8a8b-fac4a5787cc0,260c92dc-11b4-4d4e-bb75-3244098db853
38dd25f8-1181-4561-bc49-3a2f6cfbdde9,3f4491ca-1e9d-4bf0-97bc-8266b21e5607
e7134bc2-95d9-425a-b2e9-4f436eb4e466,4967318a-8b3f-4ef8-8f22-2f05e03b0a0c
7597f16b-12e0-4ec6-a508-f75277204eb7,3f4491ca-1e9d-4bf0-97bc-8266b21e5607
f5171882-0b29-4a3b-a06d-7c48e9007b3b,d9821cd7-6b79-4af8-abd4-d6094ae055ab
a1c67c3f-9a81-4572-9b8f-c6f8ef956644,7673125c-83da-4b54-98b6-1765324891f4
3d9b1531-8b2c-48d8-a041-a6659c9db1d2,add8e17f-4f9e-4d67-83f6-1fcc6c090151
232d08a5-20af-4558-80a8-f91f0a50563d,3f4491ca-1e9d-4bf0-97bc-8266b21e5607
c523e7b0-bee7-4af5-9178-531e2aa93b30,e2c609cc-e42a-49f2-945e-121db208d7df
b27c9edc-072c-4624-85bb-125a416ba7f2,feb1bfbd-a38a-451c-a3d4-aba5d1dfaa36
f72191de-e634-450b-96bc-3d3b52e868a7,8cff519e-d1cd-4330-b736-60a81c216c7b
ac777c2f-d484-49a9-a212-e3954865abff,30dd4acc-dd4e-4b6a-af66-f8f3c7122682
ec508ead-163b-49cb-8e8b-4aa9598243e5,e08e1baf-843f-49b8-8241-fe2dd763b134
001f04f0-beaf-4098-bcb0-b048374ce32f,3f4491ca-1e9d-4bf0-97bc-8266b21e5607
4d9c09cf-ea7b-4ad9-8a95-a14f8946beb2,17504bb7-3c6f-4f39-bb18-e6e2917b6b2c
8f7f08c9-5b8d-47c4-900a-b4c167181ac4,c523e7b0-bee7-4af5-9178-531e2aa93b30
567f7cf4-ece5-4d1f-8dbe-805a0e4c81e4,add8e17f-4f9e-4d67-83f6-1fcc6c090151
81426015-035f-420e-b4f0-36422ec6fd6b,c523e7b0-bee7-4af5-9178-531e2aa93b30
dc62af67-0793-41ed-9ce2-bd5bca0dca8e,c51df459-9c1f-4108-9dd4-55215d952710
0fb1b223-a6ab-4d3b-97ce-e62e8ff4e5ee,7673125c-83da-4b54-98b6-1765324891f4
af62204e-ea14-43fa-a4bd-1e89898a0a43,d199cbe9-afad-4723-b39b-7e75eb99ae18
265c5ff4-79e1-48a5-9c5b-6696b81b74ce,0c34481a-76fc-4bda-ae10-8250ca06ce99
c15c1f3d-ddac-4ef9-83c7-22cfc7a1b1aa,4d9c09cf-ea7b-4ad9-8a95-a14f8946beb2
7e5f06e3-f7b6-4664-a281-7e855a7b77a3,ab33a624-f93e-4415-a82e-e044f80fb827
bcb4191c-33ca-4a3d-be00-97db433ef4e8,a55eef8d-c1e4-4ae1-bfc6-7fe8e2be94e4
d1d33b4a-d5b0-467c-85a8-4161c5e3f179,9734853f-4956-467b-9217-536015ee1a3d
0c34481a-76fc-4bda-ae10-8250ca06ce99,9734853f-4956-467b-9217-536015ee1a3d
29a5b925-8e82-4dd1-af57-15ab993a1b1a,0d6ba27f-9747-4aec-8b37-0ad3c5eda611
f248872e-f872-4dd2-b1fb-9d8fe8b6ede4,0d6ba27f-9747-4aec-8b37-0ad3c5eda611
090099ff-e3c7-4068-b018-0b6ef7bf6b04,0d6ba27f-9747-4aec-8b37-0ad3c5eda611
af7a87a5-929e-4d8a-88b5-3e6ab208bd70,0d6ba27f-9747-4aec-8b37-0ad3c5eda611
66fd98dc-9788-4b49-8db9-b063c1bcf0ac,0c34481a-76fc-4bda-ae10-8250ca06ce99
535a29ce-84e5-4cbe-bdbe-834e5a4818b7,0d6ba27f-9747-4aec-8b37-0ad3c5eda611
2f793595-e789-443d-b8c7-e95f99954c48,0d6ba27f-9747-4aec-8b37-0ad3c5eda611
486d1e63-ed70-4d65-8d2a-a253ea3ad788,4d9c09cf-ea7b-4ad9-8a95-a14f8946beb2
528116fd-1176-4def-9052-98f3b76c3efb,0c34481a-76fc-4bda-ae10-8250ca06ce99
859aa9b3-b511-475e-a6f1-5165a74cf7dc,2128639d-53d7-4a09-bc00-db3ba63c3ad3
e5b93de6-de3d-41d0-8d8d-bb6df2424c3b,9734853f-4956-467b-9217-536015ee1a3d
896f1786-3719-4e0e-9bbc-fb9276fd78cd,0c34481a-76fc-4bda-ae10-8250ca06ce99
56aa3e56-3d8c-45b0-990b-a970ceb56f80,e5b93de6-de3d-41d0-8d8d-bb6df2424c3b
24f52952-d5ae-4a79-97ba-759cc3aa574c,e5b93de6-de3d-41d0-8d8d-bb6df2424c3b
0d4becba-a8fd-4f8c-ad4d-6399c5f097cb,0d6ba27f-9747-4aec-8b37-0ad3c5eda611
f157e8bf-6d79-4067-93ab-fb0cf7389718,0d6ba27f-9747-4aec-8b37-0ad3c5eda611
8fb466a6-aef0-4ee9-bdc0-40bd2d72526a,e5b93de6-de3d-41d0-8d8d-bb6df2424c3b
4ce11f5a-bc27-427d-9ba5-e6a817297fc8,a55eef8d-c1e4-4ae1-bfc6-7fe8e2be94e4
ff32dec6-f841-47ad-b6f0-be8438d51075,4967318a-8b3f-4ef8-8f22-2f05e03b0a0c
e8e519c8-c1bd-48e7-94e0-5e037b0e8180,a55eef8d-c1e4-4ae1-bfc6-7fe8e2be94e4
d698738e-2d36-4265-a40a-a320db57c323,2128639d-53d7-4a09-bc00-db3ba63c3ad3
f310ecd4-4c9b-4fd7-81dc-1219eba94939,2128639d-53d7-4a09-bc00-db3ba63c3ad3
46435752-6955-4696-a19b-414f711262b0,2a448135-af0b-4560-8c98-56a9ce890075
ccef8268-9d1d-4cd0-be63-f7a4e148afdd,2a448135-af0b-4560-8c98-56a9ce890075
3193cf3d-dfac-4b15-9d85-c27d542f6734,2a448135-af0b-4560-8c98-56a9ce890075
1e3e06d8-d3ca-4e8a-9ed5-d87feb5c1b4c,2a448135-af0b-4560-8c98-56a9ce890075
bf59148b-1f48-4513-b492-00f2dc4aee9c,2a448135-af0b-4560-8c98-56a9ce890075
ab4e431d-b01e-49a1-bb71-1b52edf4783e,ad972b8c-6032-44f2-80cb-86fe1ee1826e
8fbab3a8-e2ad-4705-adf7-d9d0adea5703,c51df459-9c1f-4108-9dd4-55215d952710
ec65b757-60ef-4640-8b5d-a8446266a37a,17504bb7-3c6f-4f39-bb18-e6e2917b6b2c
a6c1a3a0-d169-4f14-a6a4-6980bf2b3973,e2c609cc-e42a-49f2-945e-121db208d7df
bad81273-7b61-47e6-b753-9a0fbf3e9ea8,c7f0fcb0-339f-4479-91f4-bf8ead7ae458
9afcdfbc-c302-4bcd-8d46-21bdbaa57796,bed94071-eab9-4e38-bdb2-100766987276
1beedd66-d3a2-4507-8e51-25eeaa0572f5,ab33a624-f93e-4415-a82e-e044f80fb827
a1cef1d7-934e-4eb8-9e10-b61dd3aecc1d,2a448135-af0b-4560-8c98-56a9ce890075
4ce5b507-689c-4c38-a6a8-4e904bb97ed7,2a448135-af0b-4560-8c98-56a9ce890075
10465321-cfc6-4e00-a4f3-56062cbc4378,2a448135-af0b-4560-8c98-56a9ce890075
a84efb6e-f5cd-4c1f-a421-779112254542,2a448135-af0b-4560-8c98-56a9ce890075
ff81d856-aabc-4ef9-84a4-4086ab2d2e91,2a448135-af0b-4560-8c98-56a9ce890075
da8aa782-dfd7-4340-a026-fb37bda06354,2a448135-af0b-4560-8c98-56a9ce890075
0c49301c-b88c-4f6e-8c43-37e0813fa111,9f492dc9-9a2e-49d0-b6ce-befa30592587
