id,pessoa_id,comentarios,data_desligamento,created_at,updated_at
ca9becbd-26e5-499e-a596-201860077353,ca9becbd-26e5-499e-a596-201860077353,Novo Desafio,2026-02-27,2026-04-07T13:48:14+00:00,2026-04-07T13:48:14+00:00
636092ec-f326-4835-9678-5d9059450df8,636092ec-f326-4835-9678-5d9059450df8,Novos Desafios de Carreira,2023-12-31,2026-04-07T13:48:14+00:00,2026-04-07T13:48:14+00:00
c736c414-19e5-4b3b-bd00-0ca5ae639f1f,c736c414-19e5-4b3b-bd00-0ca5ae639f1f,Redução de Quadro,2024-08-19,2026-04-07T13:48:14+00:00,2026-04-07T13:48:14+00:00
658772b7-266a-4e65-a032-c89786d6533c,658772b7-266a-4e65-a032-c89786d6533c,Encerramento de parceria,2024-05-08,2026-04-07T13:48:14+00:00,2026-04-07T13:48:14+00:00
7a1db41e-8b2c-43ea-a9b7-0c75b1c7a56b,7a1db41e-8b2c-43ea-a9b7-0c75b1c7a56b,Novos Desafios de Carreira,2023-09-12,2026-04-07T13:48:14+00:00,2026-04-07T13:48:14+00:00
14242913-6060-4ef2-8d3b-24a1317be7ce,14242913-6060-4ef2-8d3b-24a1317be7ce,Efetivação,2023-12-31,2026-04-07T13:48:14+00:00,2026-04-07T13:48:14+00:00
707a95ab-689a-4a67-b7dc-92ffb55d41c3,707a95ab-689a-4a67-b7dc-92ffb55d41c3,Novos Desafios de Carreira,2025-01-17,2026-04-07T13:48:14+00:00,2026-04-07T13:48:14+00:00
c0b9a836-8904-4700-808c-2c4187577ef1,c0b9a836-8904-4700-808c-2c4187577ef1,Baixa Performance,2025-06-30,2026-04-07T13:48:14+00:00,2026-04-07T13:48:14+00:00
00f71b01-c55c-4437-a0a7-d95da6ebd5b2,00f71b01-c55c-4437-a0a7-d95da6ebd5b2,Baixa Performance,2025-09-01,2026-04-07T13:48:14+00:00,2026-04-07T13:48:14+00:00
960f9030-7a96-4660-a72a-9dd6abbf8b08,960f9030-7a96-4660-a72a-9dd6abbf8b08,Redução de Quadro,2025-05-06,2026-04-07T13:48:14+00:00,2026-04-07T13:48:14+00:00
433703d4-aff2-487a-8d71-9ac8e4b94587,433703d4-aff2-487a-8d71-9ac8e4b94587,Encerramento de parceria,2023-10-31,2026-04-07T13:48:14+00:00,2026-04-07T13:48:14+00:00
71f25b63-d039-4eea-aba2-029a2899ce3f,71f25b63-d039-4eea-aba2-029a2899ce3f,Novo Projeto,2022-08-01,2026-04-07T13:48:14+00:00,2026-04-07T13:48:14+00:00
625e5c21-dded-44a6-9a57-acfbf851ef1b,625e5c21-dded-44a6-9a57-acfbf851ef1b,Efetivação,2023-12-31,2026-04-07T13:48:14+00:00,2026-04-07T13:48:14+00:00
d9e9531a-f801-4c2c-b0ae-1e7214804e0e,d9e9531a-f801-4c2c-b0ae-1e7214804e0e,Encerramento de parceria,2024-03-26,2026-04-07T13:48:14+00:00,2026-04-07T13:48:14+00:00
edc1191a-ef25-4c21-aea4-57d99a947e1b,edc1191a-ef25-4c21-aea4-57d99a947e1b,Redução de Quadro,2024-11-22,2026-04-07T13:48:14+00:00,2026-04-07T13:48:14+00:00
938ef664-3376-4bda-b002-0af0efc192b5,938ef664-3376-4bda-b002-0af0efc192b5,Efetivação,2023-07-16,2026-04-07T13:48:14+00:00,2026-04-07T13:48:14+00:00
38dd7d79-a65b-43c9-8de9-a619fb8ea7ac,38dd7d79-a65b-43c9-8de9-a619fb8ea7ac,Novos Desafios de Carreira,2024-01-12,2026-04-07T13:48:14+00:00,2026-04-07T13:48:14+00:00
b3473270-b8e4-4eda-86e0-513989cfa75e,b3473270-b8e4-4eda-86e0-513989cfa75e,Baixa Performance,2023-10-31,2026-04-07T13:48:14+00:00,2026-04-07T13:48:14+00:00
c9b33660-fbdf-49bc-9b3a-7db12c071b6f,c9b33660-fbdf-49bc-9b3a-7db12c071b6f,Redução de Quadro,2024-11-22,2026-04-07T13:48:14+00:00,2026-04-07T13:48:14+00:00
2126e5d5-d246-4384-9828-63d3c12d5a2d,2126e5d5-d246-4384-9828-63d3c12d5a2d,Encerramento de parceria,2023-11-10,2026-04-07T13:48:14+00:00,2026-04-07T13:48:14+00:00
ddd8a30c-cb8f-4389-b19d-a4cd833885a6,ddd8a30c-cb8f-4389-b19d-a4cd833885a6,Rescisão Motivada,2023-11-13,2026-04-07T13:48:14+00:00,2026-04-07T13:48:14+00:00
f7073419-1255-4ef5-9aa0-9bc2d3fb6476,f7073419-1255-4ef5-9aa0-9bc2d3fb6476,Transf MadHouse TV,2025-08-31,2026-04-07T13:48:14+00:00,2026-04-07T13:48:14+00:00
7ac0758d-cced-488e-8d38-fe428f2d7a5c,7ac0758d-cced-488e-8d38-fe428f2d7a5c,Novos Desafios de Carreira,2025-02-28,2026-04-07T13:48:14+00:00,2026-04-07T13:48:14+00:00
3723eee1-a0ba-44a2-95a7-283899bb7f69,3723eee1-a0ba-44a2-95a7-283899bb7f69,Baixa Performance,2024-04-16,2026-04-07T13:48:14+00:00,2026-04-07T13:48:14+00:00
fea52e3c-ca35-4df1-9fab-03f3ef1403ee,fea52e3c-ca35-4df1-9fab-03f3ef1403ee,Redução de Quadro,2024-10-01,2026-04-07T13:48:14+00:00,2026-04-07T13:48:14+00:00
ddf3a8ab-b56a-4b7d-8f08-07a88c53a14f,ddf3a8ab-b56a-4b7d-8f08-07a88c53a14f,,2025-10-24,2026-04-07T13:48:14+00:00,2026-04-07T13:48:14+00:00
0457c850-7ef3-47c7-b607-1862e30b88bb,0457c850-7ef3-47c7-b607-1862e30b88bb,Redução de Quadro,2024-08-19,2026-04-07T13:48:14+00:00,2026-04-07T13:48:14+00:00
9d9b72ff-429b-4a6b-b1a3-d788f749f35a,9d9b72ff-429b-4a6b-b1a3-d788f749f35a,Efetivação,2024-04-22,2026-04-07T13:48:14+00:00,2026-04-07T13:48:14+00:00
474d8055-741a-41ae-8e1f-18f96300cdad,474d8055-741a-41ae-8e1f-18f96300cdad,Novos Desafios de Carreira,2024-02-29,2026-04-07T13:48:14+00:00,2026-04-07T13:48:14+00:00
aa73a73d-aa13-4371-b059-7146639ba99c,aa73a73d-aa13-4371-b059-7146639ba99c,Redução de Quadro,2024-09-16,2026-04-07T13:48:14+00:00,2026-04-07T13:48:14+00:00
332256f5-9c3f-4f28-bbcc-f07327179ec9,332256f5-9c3f-4f28-bbcc-f07327179ec9,Redução de Quadro,2024-10-15,2026-04-07T13:48:14+00:00,2026-04-07T13:48:14+00:00
1a04cc7c-447b-47f9-a945-3fbe62032376,1a04cc7c-447b-47f9-a945-3fbe62032376,Novo Desafio,2026-02-27,2026-04-07T13:48:14+00:00,2026-04-07T13:48:14+00:00
20498b87-61fe-478c-af9f-208b3f9d1a26,20498b87-61fe-478c-af9f-208b3f9d1a26,Novo Desafio,2023-11-10,2026-04-07T13:48:14+00:00,2026-04-07T13:48:14+00:00
1ad004de-d439-4d4a-a780-0042d352bf46,1ad004de-d439-4d4a-a780-0042d352bf46,Baixa Performance,2023-12-18,2026-04-07T13:48:14+00:00,2026-04-07T13:48:14+00:00
03782c49-64d5-465e-8d9a-18e4e559d140,03782c49-64d5-465e-8d9a-18e4e559d140,Novos Desafios de Carreira,2024-02-29,2026-04-07T13:48:14+00:00,2026-04-07T13:48:14+00:00
ceb273e3-20db-4378-ae12-c4f6a84d91e0,ceb273e3-20db-4378-ae12-c4f6a84d91e0,Redução de Quadro,2024-12-09,2026-04-07T13:48:14+00:00,2026-04-07T13:48:14+00:00
7825fa7c-8846-4ea9-9ca0-0ecc9a329611,7825fa7c-8846-4ea9-9ca0-0ecc9a329611,Novos Desafios de Carreira,2025-02-17,2026-04-07T13:48:14+00:00,2026-04-07T13:48:14+00:00
efaa0edc-479f-4fd7-9c92-c6dedd339cf5,efaa0edc-479f-4fd7-9c92-c6dedd339cf5,Redução de Quadro,2024-09-30,2026-04-07T13:48:14+00:00,2026-04-07T13:48:14+00:00
11f36679-7db9-4c4e-a08d-295ce7143299,11f36679-7db9-4c4e-a08d-295ce7143299,Baixa Performance,2024-02-06,2026-04-07T13:48:14+00:00,2026-04-07T13:48:14+00:00
1e70f079-62e7-4934-8098-fab9d17ed24a,1e70f079-62e7-4934-8098-fab9d17ed24a,Redução de Quadro,2024-09-24,2026-04-07T13:48:14+00:00,2026-04-07T13:48:14+00:00
4e86d687-51b2-4dda-91bb-6441d77cf9b7,4e86d687-51b2-4dda-91bb-6441d77cf9b7,Redução de Quadro,2025-02-28,2026-04-07T13:48:14+00:00,2026-04-07T13:48:14+00:00
200d1db6-b3e7-44bb-8955-e3fab4d377be,200d1db6-b3e7-44bb-8955-e3fab4d377be,Redução de Quadro,2024-08-30,2026-04-07T13:48:14+00:00,2026-04-07T13:48:14+00:00
0d7f1f45-a38e-4756-830f-32dfb77e787f,0d7f1f45-a38e-4756-830f-32dfb77e787f,Encerramento de parceria,2023-08-08,2026-04-07T13:48:14+00:00,2026-04-07T13:48:14+00:00
f2e19c9b-ba6d-41fe-81b6-70150203a725,f2e19c9b-ba6d-41fe-81b6-70150203a725,Descontinuação da Line,2022-05-09,2026-04-07T13:48:14+00:00,2026-04-07T13:48:14+00:00
c3563a00-f4c3-4a4b-94ce-d20fe908543d,c3563a00-f4c3-4a4b-94ce-d20fe908543d,Redução de Quadro,2024-10-08,2026-04-07T13:48:14+00:00,2026-04-07T13:48:14+00:00
f193cdec-aac0-43c5-aa99-d18ee634acfb,f193cdec-aac0-43c5-aa99-d18ee634acfb,Redução de Quadro,2024-08-23,2026-04-07T13:48:14+00:00,2026-04-07T13:48:14+00:00
2ba23106-794b-4295-9f28-18687dd454c3,2ba23106-794b-4295-9f28-18687dd454c3,Redução de Quadro,2024-10-09,2026-04-07T13:48:14+00:00,2026-04-07T13:48:14+00:00
ba22d46b-2942-4e0b-b2e3-dec43cd8c20f,ba22d46b-2942-4e0b-b2e3-dec43cd8c20f,Redução de Quadro,2024-01-05,2026-04-07T13:48:14+00:00,2026-04-07T13:48:14+00:00
76fbc205-4f10-4e88-b5f8-b85ea260445e,76fbc205-4f10-4e88-b5f8-b85ea260445e,Encerramento de parceria,2023-09-30,2026-04-07T13:48:14+00:00,2026-04-07T13:48:14+00:00
56f37beb-b24b-4703-a784-65c236ba5516,56f37beb-b24b-4703-a784-65c236ba5516,Encerramento de parceria,2023-12-13,2026-04-07T13:48:14+00:00,2026-04-07T13:48:14+00:00
597aa066-3e4f-48c7-b7de-fa00894050d7,597aa066-3e4f-48c7-b7de-fa00894050d7,Redução de Quadro,2024-01-31,2026-04-07T13:48:14+00:00,2026-04-07T13:48:14+00:00
e8b8f583-2156-4490-b61c-e676abe9eaee,e8b8f583-2156-4490-b61c-e676abe9eaee,Encerramento de parceria,2023-12-13,2026-04-07T13:48:14+00:00,2026-04-07T13:48:14+00:00
72d90afb-9c98-40f5-b7a2-8cb6de582104,72d90afb-9c98-40f5-b7a2-8cb6de582104,Redução de Quadro,2024-09-06,2026-04-07T13:48:14+00:00,2026-04-07T13:48:14+00:00
3da901f3-180c-46ca-b52a-5cfe4aa55efc,3da901f3-180c-46ca-b52a-5cfe4aa55efc,Encerramento Contratual,2025-09-30,2026-04-07T13:48:14+00:00,2026-04-07T13:48:14+00:00
8c6105cd-ab47-4583-9a55-6f587281172a,8c6105cd-ab47-4583-9a55-6f587281172a,Baixa Performance,2023-03-29,2026-04-07T13:48:14+00:00,2026-04-07T13:48:14+00:00
47c81d69-4de2-4e3e-8a62-e62abbc8f651,47c81d69-4de2-4e3e-8a62-e62abbc8f651,Baixa Performance,2022-06-10,2026-04-07T13:48:14+00:00,2026-04-07T13:48:14+00:00
3c4d0774-76fd-43ee-8bce-635995992a7f,3c4d0774-76fd-43ee-8bce-635995992a7f,Novos Desafios de Carreira,2023-03-17,2026-04-07T13:48:14+00:00,2026-04-07T13:48:14+00:00
ea328ea3-931e-4c1f-b637-e2e52dc1aaee,ea328ea3-931e-4c1f-b637-e2e52dc1aaee,Novos Desafios de Carreira,2023-03-10,2026-04-07T13:48:14+00:00,2026-04-07T13:48:14+00:00
069fe394-eb19-4148-a97b-218354c42a6b,069fe394-eb19-4148-a97b-218354c42a6b,Baixa Performance,2022-03-31,2026-04-07T13:48:14+00:00,2026-04-07T13:48:14+00:00
e11c520d-f799-4179-bc47-4c5f6108e148,e11c520d-f799-4179-bc47-4c5f6108e148,Novos Desafios de Carreira,2022-04-13,2026-04-07T13:48:14+00:00,2026-04-07T13:48:14+00:00
8b76d77a-7827-4b1c-80f1-483f0f4ea280,8b76d77a-7827-4b1c-80f1-483f0f4ea280,Novos Desafios de Carreira,2022-05-05,2026-04-07T13:48:14+00:00,2026-04-07T13:48:14+00:00
4fc62a05-3aa8-44d8-9780-c7a3511fbe84,4fc62a05-3aa8-44d8-9780-c7a3511fbe84,Baixa Performance,2022-06-01,2026-04-07T13:48:14+00:00,2026-04-07T13:48:14+00:00
b37946c8-2216-4e76-b88c-57bfc7595414,b37946c8-2216-4e76-b88c-57bfc7595414,Novos Desafios de Carreira,2022-06-30,2026-04-07T13:48:14+00:00,2026-04-07T13:48:14+00:00
c4ffa474-1ac9-4508-8aa8-d710f7a49955,c4ffa474-1ac9-4508-8aa8-d710f7a49955,Novos Desafios de Carreira,2022-06-17,2026-04-07T13:48:14+00:00,2026-04-07T13:48:14+00:00
bc371b5a-d35a-4414-bbe9-8e36036b3065,bc371b5a-d35a-4414-bbe9-8e36036b3065,Baixa Performance,2022-07-08,2026-04-07T13:48:14+00:00,2026-04-07T13:48:14+00:00
fc24ebbf-7abd-4992-ba26-8c29f342e4ea,fc24ebbf-7abd-4992-ba26-8c29f342e4ea,Baixa Performance,2022-07-29,2026-04-07T13:48:14+00:00,2026-04-07T13:48:14+00:00
b061b8dc-7fe0-477e-b4a9-79043c3e5e14,b061b8dc-7fe0-477e-b4a9-79043c3e5e14,Novos Desafios de Carreira,2022-07-29,2026-04-07T13:48:14+00:00,2026-04-07T13:48:14+00:00
bd1605b8-d623-4ad5-8eaa-510b09c5cd70,bd1605b8-d623-4ad5-8eaa-510b09c5cd70,Baixa Performance,2022-08-22,2026-04-07T13:48:14+00:00,2026-04-07T13:48:14+00:00
5f60d68c-7617-4d0a-b3b9-e2443c0346fb,5f60d68c-7617-4d0a-b3b9-e2443c0346fb,Baixa Performance,2022-08-01,2026-04-07T13:48:14+00:00,2026-04-07T13:48:14+00:00
b0056b66-2ca7-4a86-b71d-a49e24f9cb85,b0056b66-2ca7-4a86-b71d-a49e24f9cb85,Baixa Performance,2022-09-30,2026-04-07T13:48:14+00:00,2026-04-07T13:48:14+00:00
6efe5666-1089-4d32-94fc-bba618a6e1e0,6efe5666-1089-4d32-94fc-bba618a6e1e0,Baixa Performance,2022-10-21,2026-04-07T13:48:14+00:00,2026-04-07T13:48:14+00:00
aae95f3a-8aa6-4282-bdaa-d1e72f6c2c02,aae95f3a-8aa6-4282-bdaa-d1e72f6c2c02,Baixa Performance,2022-11-30,2026-04-07T13:48:14+00:00,2026-04-07T13:48:14+00:00
6b28f415-c2d9-4b00-abb7-c61238a9ce53,6b28f415-c2d9-4b00-abb7-c61238a9ce53,Baixa Performance,2022-11-30,2026-04-07T13:48:14+00:00,2026-04-07T13:48:14+00:00
4405542a-9b76-488f-969a-413d64c59eca,4405542a-9b76-488f-969a-413d64c59eca,Baixa Performance,2022-11-30,2026-04-07T13:48:14+00:00,2026-04-07T13:48:14+00:00
740e7304-1e30-4431-8976-262765d93789,740e7304-1e30-4431-8976-262765d93789,Novos Desafios de Carreira,2022-12-02,2026-04-07T13:48:14+00:00,2026-04-07T13:48:14+00:00
dfdd9b5e-039d-46ee-9052-d753b251ba09,dfdd9b5e-039d-46ee-9052-d753b251ba09,Baixa Performance,2022-12-07,2026-04-07T13:48:14+00:00,2026-04-07T13:48:14+00:00
e7470cba-1927-4b70-83b7-b6a4b1276153,e7470cba-1927-4b70-83b7-b6a4b1276153,Baixa Performance,2022-12-09,2026-04-07T13:48:14+00:00,2026-04-07T13:48:14+00:00
ed4ad452-920d-4e36-bcc3-f708213276b5,ed4ad452-920d-4e36-bcc3-f708213276b5,Baixa Performance,2022-12-31,2026-04-07T13:48:14+00:00,2026-04-07T13:48:14+00:00
909bac72-37c5-496f-bc95-c8da1a73e3b1,909bac72-37c5-496f-bc95-c8da1a73e3b1,Baixa Performance,2023-01-18,2026-04-07T13:48:14+00:00,2026-04-07T13:48:14+00:00
664e219a-56ec-4b04-9296-6b7737757910,664e219a-56ec-4b04-9296-6b7737757910,Novos Desafios de Carreira,2023-03-10,2026-04-07T13:48:14+00:00,2026-04-07T13:48:14+00:00
07978a1e-5a44-4074-980f-b76d45a55609,07978a1e-5a44-4074-980f-b76d45a55609,Baixa Performance,2023-03-31,2026-04-07T13:48:14+00:00,2026-04-07T13:48:14+00:00
845a6cd1-c6bd-4ab5-a3d6-5f84c0fbdc28,845a6cd1-c6bd-4ab5-a3d6-5f84c0fbdc28,Baixa Performance,2023-04-17,2026-04-07T13:48:14+00:00,2026-04-07T13:48:14+00:00
3cd18771-b466-4aa8-9193-ab83887c8278,3cd18771-b466-4aa8-9193-ab83887c8278,Novos Desafios de Carreira,2023-04-17,2026-04-07T13:48:14+00:00,2026-04-07T13:48:14+00:00
d4924cf2-3015-4b8c-a9ce-452519d1c2c0,d4924cf2-3015-4b8c-a9ce-452519d1c2c0,Novos Desafios de Carreira,2023-05-29,2026-04-07T13:48:14+00:00,2026-04-07T13:48:14+00:00
9d7fdc77-9729-4af0-8324-2dc6d7c073a8,9d7fdc77-9729-4af0-8324-2dc6d7c073a8,Novos Desafios de Carreira,2023-06-30,2026-04-07T13:48:14+00:00,2026-04-07T13:48:14+00:00
e7e2ffaa-b51f-4d6a-aef6-a449b4a74781,e7e2ffaa-b51f-4d6a-aef6-a449b4a74781,Baixa Performance,2023-06-22,2026-04-07T13:48:14+00:00,2026-04-07T13:48:14+00:00
c8d81b07-6841-4c1a-8614-e430f1b17ea4,c8d81b07-6841-4c1a-8614-e430f1b17ea4,Término Fsociety,2023-06-30,2026-04-07T13:48:14+00:00,2026-04-07T13:48:14+00:00
2cea8e46-3279-47f0-8d89-3f2ad93715c6,2cea8e46-3279-47f0-8d89-3f2ad93715c6,Baixa Performance,2023-05-15,2026-04-07T13:48:14+00:00,2026-04-07T13:48:14+00:00
c69d05e3-16a6-4c28-b7b0-dd788e8b0b63,c69d05e3-16a6-4c28-b7b0-dd788e8b0b63,Novos Desafios de Carreira,2022-10-13,2026-04-07T13:48:14+00:00,2026-04-07T13:48:14+00:00
0809c28e-010d-4397-988a-ac61ff30d8fd,0809c28e-010d-4397-988a-ac61ff30d8fd,Novo Projeto,2023-02-01,2026-04-07T13:48:14+00:00,2026-04-07T13:48:14+00:00
29f7c8ec-d3bf-456c-b868-ae85779a8329,29f7c8ec-d3bf-456c-b868-ae85779a8329,Venda de Jogador,2022-01-06,2026-04-07T13:48:14+00:00,2026-04-07T13:48:14+00:00
4b8f2e66-2fb5-46b3-b6a3-70febba9f6e0,4b8f2e66-2fb5-46b3-b6a3-70febba9f6e0,Novo Projeto,2023-09-01,2026-04-07T13:48:14+00:00,2026-04-07T13:48:14+00:00
995a5f50-bb18-4509-a08e-2145b437fccc,995a5f50-bb18-4509-a08e-2145b437fccc,Encerramento de parceria,2023-02-01,2026-04-07T13:48:14+00:00,2026-04-07T13:48:14+00:00
ef7d0bc0-8f89-4561-b650-45114708da0b,ef7d0bc0-8f89-4561-b650-45114708da0b,Encerramento Contratual,2023-02-28,2026-04-07T13:48:14+00:00,2026-04-07T13:48:14+00:00
64e40082-7e3b-4d93-9a22-a289bf71066a,64e40082-7e3b-4d93-9a22-a289bf71066a,Baixa Performance,2023-07-30,2026-04-07T13:48:14+00:00,2026-04-07T13:48:14+00:00
49c260bf-b4c1-4400-bb22-c30ca197abbd,49c260bf-b4c1-4400-bb22-c30ca197abbd,Novos Desafios de Carreira,2023-03-31,2026-04-07T13:48:14+00:00,2026-04-07T13:48:14+00:00
ea601efe-1507-497b-8840-b5264fa4cb58,ea601efe-1507-497b-8840-b5264fa4cb58,Encerramento de parceria,2023-09-21,2026-04-07T13:48:14+00:00,2026-04-07T13:48:14+00:00
0f6ad574-cf32-4d8e-9465-d6fcfaf2f921,0f6ad574-cf32-4d8e-9465-d6fcfaf2f921,Encerramento de parceria,2023-10-27,2026-04-07T13:48:14+00:00,2026-04-07T13:48:14+00:00
7fb23ccd-cbb7-450a-9873-a45fccf61123,7fb23ccd-cbb7-450a-9873-a45fccf61123,Descontinuação da Line,2022-05-09,2026-04-07T13:48:14+00:00,2026-04-07T13:48:14+00:00
31ec98e4-6aca-4799-bb44-fb2ba86fdbce,31ec98e4-6aca-4799-bb44-fb2ba86fdbce,Venda de Jogador,2022-11-30,2026-04-07T13:48:14+00:00,2026-04-07T13:48:14+00:00
024e2afc-5dc1-4850-8b85-feea328a5a1c,024e2afc-5dc1-4850-8b85-feea328a5a1c,Redução de Quadro,2024-09-03,2026-04-07T13:48:14+00:00,2026-04-07T13:48:14+00:00
f167d18e-0ec9-4282-9b9e-6753a0c3ea01,f167d18e-0ec9-4282-9b9e-6753a0c3ea01,Venda de Jogador,2023-04-20,2026-04-07T13:48:14+00:00,2026-04-07T13:48:14+00:00
3bc1aa15-4b1b-4df1-91e9-01bd0f16c7b4,3bc1aa15-4b1b-4df1-91e9-01bd0f16c7b4,Baixa Performance,2023-01-07,2026-04-07T13:48:14+00:00,2026-04-07T13:48:14+00:00
ec5f37a9-95e5-40d2-be0e-a98a437c4a6e,ec5f37a9-95e5-40d2-be0e-a98a437c4a6e,Encerramento de parceria,2024-01-17,2026-04-07T13:48:14+00:00,2026-04-07T13:48:14+00:00
e2b79f51-b32a-40ea-967e-62e47c283e9f,e2b79f51-b32a-40ea-967e-62e47c283e9f,Encerramento de parceria,2023-09-15,2026-04-07T13:48:14+00:00,2026-04-07T13:48:14+00:00
1b463220-83f3-48fc-8145-6e973518e4e8,1b463220-83f3-48fc-8145-6e973518e4e8,Redução de Quadro,2024-11-18,2026-04-07T13:48:14+00:00,2026-04-07T13:48:14+00:00
09ddaf73-4a42-42ae-92fa-fc0657d07568,09ddaf73-4a42-42ae-92fa-fc0657d07568,Novos Desafios de Carreira,2023-08-28,2026-04-07T13:48:14+00:00,2026-04-07T13:48:14+00:00
8c470815-8d23-4400-aa53-a1c8e10c56d0,8c470815-8d23-4400-aa53-a1c8e10c56d0,Encerramento de parceria,2023-01-01,2026-04-07T13:48:14+00:00,2026-04-07T13:48:14+00:00
2a60e42c-d6a3-49bc-84ea-e9bb062de328,2a60e42c-d6a3-49bc-84ea-e9bb062de328,Redução de Quadro,2024-11-30,2026-04-07T13:48:14+00:00,2026-04-07T13:48:14+00:00
8417299d-9387-4db0-b5c5-8be5b14611a3,8417299d-9387-4db0-b5c5-8be5b14611a3,Encerramento de parceria,2023-05-30,2026-04-07T13:48:14+00:00,2026-04-07T13:48:14+00:00
e10a5ffd-87f8-4fcc-8cdd-0019223d9671,e10a5ffd-87f8-4fcc-8cdd-0019223d9671,Novo Desafio,2023-01-01,2026-04-07T13:48:14+00:00,2026-04-07T13:48:14+00:00
0f530f2b-3e66-4ebb-af90-24dfc9bfa6a3,0f530f2b-3e66-4ebb-af90-24dfc9bfa6a3,Descontinuação da Line,2023-02-16,2026-04-07T13:48:14+00:00,2026-04-07T13:48:14+00:00
5a4a3609-37d8-4c80-9883-2c5080699027,5a4a3609-37d8-4c80-9883-2c5080699027,Baixa Performance,2023-04-30,2026-04-07T13:48:14+00:00,2026-04-07T13:48:14+00:00
909244e6-487e-451d-8aad-994f52bf18a7,909244e6-487e-451d-8aad-994f52bf18a7,Rescisão Motivada,2024-04-24,2026-04-07T13:48:14+00:00,2026-04-07T13:48:14+00:00
a1a82e7c-a9a6-4a60-9f09-81c18d5ac389,a1a82e7c-a9a6-4a60-9f09-81c18d5ac389,Novos Desafios de Carreira,2023-08-23,2026-04-07T13:48:14+00:00,2026-04-07T13:48:14+00:00
77902c70-d724-4c18-9352-ea8651687ea1,77902c70-d724-4c18-9352-ea8651687ea1,Venda de Jogador,2022-09-30,2026-04-07T13:48:14+00:00,2026-04-07T13:48:14+00:00
19f73b37-a5f4-4861-9a28-aaada96b6e18,19f73b37-a5f4-4861-9a28-aaada96b6e18,Descontinuação da Line,2023-02-16,2026-04-07T13:48:14+00:00,2026-04-07T13:48:14+00:00
d3a6f5ba-938f-40c2-acff-00469749dbbf,d3a6f5ba-938f-40c2-acff-00469749dbbf,Encerramento Contratual,2023-02-28,2026-04-07T13:48:14+00:00,2026-04-07T13:48:14+00:00
710a802e-8a09-44cd-873f-b469912aa9ae,710a802e-8a09-44cd-873f-b469912aa9ae,Redução de Quadro,2024-11-18,2026-04-07T13:48:14+00:00,2026-04-07T13:48:14+00:00
75953a67-03b5-4d9f-8105-c5bf5f3c1634,75953a67-03b5-4d9f-8105-c5bf5f3c1634,Redução de Quadro,2024-11-30,2026-04-07T13:48:14+00:00,2026-04-07T13:48:14+00:00
fe82acf0-f8d8-4a82-9314-27fc19e51b9e,fe82acf0-f8d8-4a82-9314-27fc19e51b9e,Novos Desafios de Carreira,2023-09-16,2026-04-07T13:48:14+00:00,2026-04-07T13:48:14+00:00
2af74977-7b5e-4f72-84c2-566be73ece05,2af74977-7b5e-4f72-84c2-566be73ece05,Redução de Quadro,2024-08-26,2026-04-07T13:48:14+00:00,2026-04-07T13:48:14+00:00
ff852d9e-66a7-4817-9ab7-09f2afa24255,ff852d9e-66a7-4817-9ab7-09f2afa24255,Redução de Quadro,2024-08-26,2026-04-07T13:48:14+00:00,2026-04-07T13:48:14+00:00
6f99575f-68f0-4258-8730-0cac1f5b543c,6f99575f-68f0-4258-8730-0cac1f5b543c,Novos Desafios de Carreira,2023-03-15,2026-04-07T13:48:14+00:00,2026-04-07T13:48:14+00:00
575d9b3a-656f-40e4-bff4-52c49537a6da,575d9b3a-656f-40e4-bff4-52c49537a6da,Venda de Jogador,2023-04-20,2026-04-07T13:48:14+00:00,2026-04-07T13:48:14+00:00
8320eeb7-045e-46e7-939d-0baba352e2bb,8320eeb7-045e-46e7-939d-0baba352e2bb,Venda de Jogador,2022-11-30,2026-04-07T13:48:14+00:00,2026-04-07T13:48:14+00:00
4149f28d-e9c9-41ae-b705-65c9a74aa355,4149f28d-e9c9-41ae-b705-65c9a74aa355,Novos Desafios de Carreira,2023-08-23,2026-04-07T13:48:14+00:00,2026-04-07T13:48:14+00:00
775c80ba-87d5-49eb-ac29-8234fecd4fd4,775c80ba-87d5-49eb-ac29-8234fecd4fd4,Novo Projeto,2023-03-01,2026-04-07T13:48:14+00:00,2026-04-07T13:48:14+00:00
ef66d4ba-3683-470e-8a80-c6f15cc77bd4,ef66d4ba-3683-470e-8a80-c6f15cc77bd4,Encerramento de parceria,2023-12-31,2026-04-07T13:48:14+00:00,2026-04-07T13:48:14+00:00
5839aed6-7633-4f6d-8d1a-fc37b095ba62,5839aed6-7633-4f6d-8d1a-fc37b095ba62,Encerramento de parceria,2023-11-20,2026-04-07T13:48:14+00:00,2026-04-07T13:48:14+00:00
82590f1e-f830-44e3-8baa-4ac7b6b625e9,82590f1e-f830-44e3-8baa-4ac7b6b625e9,Novo Desafio,2023-06-06,2026-04-07T13:48:14+00:00,2026-04-07T13:48:14+00:00
e8ee883c-2eae-4efa-af00-7611baf90535,e8ee883c-2eae-4efa-af00-7611baf90535,Baixa Performance,2024-05-07,2026-04-07T13:48:14+00:00,2026-04-07T13:48:14+00:00
3b2a2d11-bd19-4dd0-9c65-7e5888ea00e0,3b2a2d11-bd19-4dd0-9c65-7e5888ea00e0,Redução de Quadro,2024-09-16,2026-04-07T13:48:14+00:00,2026-04-07T13:48:14+00:00
3bd32b54-6dea-44b6-80be-bf02b91c121f,3bd32b54-6dea-44b6-80be-bf02b91c121f,Venda de Jogador,2022-11-30,2026-04-07T13:48:14+00:00,2026-04-07T13:48:14+00:00
c20ea6d4-90f8-4daa-b355-eac675fcfa3d,c20ea6d4-90f8-4daa-b355-eac675fcfa3d,Venda de Jogador,2022-11-30,2026-04-07T13:48:14+00:00,2026-04-07T13:48:14+00:00
1e11a818-71ae-4a7d-97df-505c4ad1e37b,1e11a818-71ae-4a7d-97df-505c4ad1e37b,Venda de Jogador,2022-11-30,2026-04-07T13:48:14+00:00,2026-04-07T13:48:14+00:00
0f1f70ad-e78b-4d73-9cce-0d689f8356cf,0f1f70ad-e78b-4d73-9cce-0d689f8356cf,Encerramento de parceria,2023-12-31,2026-04-07T13:48:14+00:00,2026-04-07T13:48:14+00:00
2f19883c-b301-44a1-87d4-351151c7d817,2f19883c-b301-44a1-87d4-351151c7d817,Redução de Quadro,2024-10-30,2026-04-07T13:48:14+00:00,2026-04-07T13:48:14+00:00
0835680a-67ee-4c25-8694-ba3d958ea1c8,0835680a-67ee-4c25-8694-ba3d958ea1c8,Novos Desafios de Carreira,2023-04-18,2026-04-07T13:48:14+00:00,2026-04-07T13:48:14+00:00
dd1fe0bc-4b52-4a5a-926e-2f6ba135b799,dd1fe0bc-4b52-4a5a-926e-2f6ba135b799,Venda de Jogador,2022-12-06,2026-04-07T13:48:14+00:00,2026-04-07T13:48:14+00:00
818a2073-c798-48d2-95e8-4b41e11f990a,818a2073-c798-48d2-95e8-4b41e11f990a,Novos Desafios de Carreira,2023-06-30,2026-04-07T13:48:14+00:00,2026-04-07T13:48:14+00:00
769a2201-7f3d-4108-9308-dc9b059b4844,769a2201-7f3d-4108-9308-dc9b059b4844,Novo Projeto,2023-02-07,2026-04-07T13:48:14+00:00,2026-04-07T13:48:14+00:00
b614a8db-36c3-4e13-927b-3bb289c4c7f6,b614a8db-36c3-4e13-927b-3bb289c4c7f6,Venda de Jogador,2022-11-09,2026-04-07T13:48:14+00:00,2026-04-07T13:48:14+00:00
5447ec67-4f9c-43be-b3e9-f7c282bf0a39,5447ec67-4f9c-43be-b3e9-f7c282bf0a39,Venda de Jogador,2022-11-30,2026-04-07T13:48:14+00:00,2026-04-07T13:48:14+00:00
70efd3c2-b0fb-4b97-a9e2-ffd3ba0a9927,70efd3c2-b0fb-4b97-a9e2-ffd3ba0a9927,Novos Desafios de Carreira,2023-07-03,2026-04-07T13:48:14+00:00,2026-04-07T13:48:14+00:00
e8d7ee01-aed5-44e1-b4aa-32e09f80788b,e8d7ee01-aed5-44e1-b4aa-32e09f80788b,Empréstimo de jogador,2024-08-04,2026-04-07T13:48:14+00:00,2026-04-07T13:48:14+00:00
48dd440d-c21c-4494-84f6-8217820c556e,48dd440d-c21c-4494-84f6-8217820c556e,Redução de Quadro,2024-09-30,2026-04-07T13:48:14+00:00,2026-04-07T13:48:14+00:00
b2ffb280-583e-422a-804e-149d3fe4c446,b2ffb280-583e-422a-804e-149d3fe4c446,Encerramento de parceria,2023-01-31,2026-04-07T13:48:14+00:00,2026-04-07T13:48:14+00:00
92db4b5c-ff54-432f-8a1d-2f4899387600,92db4b5c-ff54-432f-8a1d-2f4899387600,Encerramento de parceria,2023-10-27,2026-04-07T13:48:14+00:00,2026-04-07T13:48:14+00:00
e8da6ed5-ce44-43ba-b96b-de119ff6c2a8,e8da6ed5-ce44-43ba-b96b-de119ff6c2a8,Venda de Jogador,2022-09-30,2026-04-07T13:48:14+00:00,2026-04-07T13:48:14+00:00
16b0349a-93db-497c-819e-c55559331bca,16b0349a-93db-497c-819e-c55559331bca,Novos Desafios de Carreira,2023-07-06,2026-04-07T13:48:14+00:00,2026-04-07T13:48:14+00:00
6ba0ee3e-5a2d-4c5c-a714-c8a3de2a34e0,6ba0ee3e-5a2d-4c5c-a714-c8a3de2a34e0,Venda de Jogador,2025-10-31,2026-04-07T13:48:14+00:00,2026-04-07T13:48:14+00:00
db382d35-c2ee-455f-8f53-7ada64b64143,db382d35-c2ee-455f-8f53-7ada64b64143,Encerramento de parceria,2023-11-30,2026-04-07T13:48:14+00:00,2026-04-07T13:48:14+00:00
5f76181d-9a4c-420c-98b0-da7ca3040e7e,5f76181d-9a4c-420c-98b0-da7ca3040e7e,Redução de Quadro,2024-09-02,2026-04-07T13:48:14+00:00,2026-04-07T13:48:14+00:00
197f9126-656d-43dc-8319-afd5c933c758,197f9126-656d-43dc-8319-afd5c933c758,Transferência Payroll,2026-01-20,2026-04-07T13:48:14+00:00,2026-04-07T13:48:14+00:00
07d350b5-8174-4322-92a0-656e19e8ebf0,07d350b5-8174-4322-92a0-656e19e8ebf0,Venda de Jogador,2022-11-27,2026-04-07T13:48:14+00:00,2026-04-07T13:48:14+00:00
6e669b7a-8762-4bc6-9fe4-6e19e5a1dad2,6e669b7a-8762-4bc6-9fe4-6e19e5a1dad2,Venda de Jogador,2022-11-13,2026-04-07T13:48:14+00:00,2026-04-07T13:48:14+00:00
c286633c-b3aa-4897-adb1-6d43d001bf2d,c286633c-b3aa-4897-adb1-6d43d001bf2d,Venda de Jogador,2023-04-24,2026-04-07T13:48:14+00:00,2026-04-07T13:48:14+00:00
138df94b-795d-4005-ac75-75a231299ff1,138df94b-795d-4005-ac75-75a231299ff1,Encerramento de parceria,2023-01-01,2026-04-07T13:48:14+00:00,2026-04-07T13:48:14+00:00
679fa685-22a1-454c-977c-8c9a278c779b,679fa685-22a1-454c-977c-8c9a278c779b,Transf de unidade,2025-11-17,2026-04-07T13:48:14+00:00,2026-04-07T13:48:14+00:00
261006b3-db4b-440f-afef-36b140f071e5,261006b3-db4b-440f-afef-36b140f071e5,Novos Desafios de Carreira,2023-05-12,2026-04-07T13:48:14+00:00,2026-04-07T13:48:14+00:00
b4518735-1572-4166-b523-b0cfe0677e96,b4518735-1572-4166-b523-b0cfe0677e96,Descontinuação da Line,2023-02-16,2026-04-07T13:48:14+00:00,2026-04-07T13:48:14+00:00
1dc2b57b-a601-41a8-999a-c8a035b61b2e,1dc2b57b-a601-41a8-999a-c8a035b61b2e,Venda de Jogador,2022-11-21,2026-04-07T13:48:14+00:00,2026-04-07T13:48:14+00:00
dfbab075-545a-4754-b61e-01f0c6cfc74e,dfbab075-545a-4754-b61e-01f0c6cfc74e,Descontinuação da Line,2023-01-11,2026-04-07T13:48:14+00:00,2026-04-07T13:48:14+00:00
6b16d3a8-350c-4c11-a796-815ccde7c3db,6b16d3a8-350c-4c11-a796-815ccde7c3db,Encerramento de parceria,2024-01-09,2026-04-07T13:48:14+00:00,2026-04-07T13:48:14+00:00
3323becd-4bc6-4846-99a1-5cdc3a176287,3323becd-4bc6-4846-99a1-5cdc3a176287,Baixa Performance,2022-12-12,2026-04-07T13:48:14+00:00,2026-04-07T13:48:14+00:00
09ac2259-7dbf-41e4-bcd4-a99747554649,09ac2259-7dbf-41e4-bcd4-a99747554649,Redução de Quadro,2024-09-16,2026-04-07T13:48:14+00:00,2026-04-07T13:48:14+00:00
5bd45dd7-579d-4103-87f7-30ed2d35b4d7,5bd45dd7-579d-4103-87f7-30ed2d35b4d7,Encerramento de parceria,2023-12-31,2026-04-07T13:48:14+00:00,2026-04-07T13:48:14+00:00
4aa71d13-7417-4521-a6df-a9283b6fadf8,4aa71d13-7417-4521-a6df-a9283b6fadf8,Reestruturação da Line,2023-01-09,2026-04-07T13:48:14+00:00,2026-04-07T13:48:14+00:00
7d571453-61df-4d1f-941b-e32d4bd55194,7d571453-61df-4d1f-941b-e32d4bd55194,Baixa Performance,2022-06-01,2026-04-07T13:48:14+00:00,2026-04-07T13:48:14+00:00
9e5b2d1e-354f-4c1e-9491-5b20edfcb0e1,9e5b2d1e-354f-4c1e-9491-5b20edfcb0e1,Novos Desafios de Carreira,2023-08-23,2026-04-07T13:48:14+00:00,2026-04-07T13:48:14+00:00
06774f1f-4ed5-411b-959e-c832aebab4b5,06774f1f-4ed5-411b-959e-c832aebab4b5,Venda de Jogador,2023-04-30,2026-04-07T13:48:14+00:00,2026-04-07T13:48:14+00:00
6be2fa50-b942-40af-bea3-16fe6193d967,6be2fa50-b942-40af-bea3-16fe6193d967,Encerramento de parceria,2023-03-07,2026-04-07T13:48:14+00:00,2026-04-07T13:48:14+00:00
6d021343-360c-4665-bed2-2a147d334b25,6d021343-360c-4665-bed2-2a147d334b25,Encerramento de parceria,2023-12-31,2026-04-07T13:48:14+00:00,2026-04-07T13:48:14+00:00
a38bdcb7-0b45-42a6-8691-be2e147843bc,a38bdcb7-0b45-42a6-8691-be2e147843bc,Novos Desafios de Carreira,2023-02-28,2026-04-07T13:48:14+00:00,2026-04-07T13:48:14+00:00
dc012455-9c62-4e6a-b1a3-bc9ef7d69774,dc012455-9c62-4e6a-b1a3-bc9ef7d69774,Encerramento de parceria,2024-03-31,2026-04-07T13:48:14+00:00,2026-04-07T13:48:14+00:00
2e6440d9-ed53-4358-98a0-2c74ef185282,2e6440d9-ed53-4358-98a0-2c74ef185282,Redução de Quadro,2024-10-30,2026-04-07T13:48:14+00:00,2026-04-07T13:48:14+00:00
1a40e590-d748-4fae-83f3-baa925243b70,1a40e590-d748-4fae-83f3-baa925243b70,Encerramento de parceria,2023-11-20,2026-04-07T13:48:14+00:00,2026-04-07T13:48:14+00:00
393f27cf-a21a-4405-9195-ff1b5bc82a74,393f27cf-a21a-4405-9195-ff1b5bc82a74,Novos Desafios de Carreira,2023-07-31,2026-04-07T13:48:14+00:00,2026-04-07T13:48:14+00:00
3b17254c-d746-4514-97de-e75ba1583aab,3b17254c-d746-4514-97de-e75ba1583aab,Descontinuação da Line,2023-02-16,2026-04-07T13:48:14+00:00,2026-04-07T13:48:14+00:00
7d2f3911-916e-462c-93d1-f501fe0ff1d0,7d2f3911-916e-462c-93d1-f501fe0ff1d0,Novo Projeto,2023-04-30,2026-04-07T13:48:14+00:00,2026-04-07T13:48:14+00:00
80e90928-107d-4a7b-8155-b58e786091ce,80e90928-107d-4a7b-8155-b58e786091ce,Venda de Jogador,2023-04-16,2026-04-07T13:48:14+00:00,2026-04-07T13:48:14+00:00
c456a7b9-c71c-4e9f-9f54-40a8d48d6129,c456a7b9-c71c-4e9f-9f54-40a8d48d6129,Baixa Performance,2023-07-30,2026-04-07T13:48:14+00:00,2026-04-07T13:48:14+00:00
0ed75242-a209-46ee-848b-487a131f01ae,0ed75242-a209-46ee-848b-487a131f01ae,Redução de Quadro,2024-08-23,2026-04-07T13:48:14+00:00,2026-04-07T13:48:14+00:00
bcd859fb-c4d1-448c-b499-5ef535a57430,bcd859fb-c4d1-448c-b499-5ef535a57430,Baixa Performance,2024-05-09,2026-04-07T13:48:14+00:00,2026-04-07T13:48:14+00:00
125267e2-981c-474d-923b-4390fefcafa7,125267e2-981c-474d-923b-4390fefcafa7,Encerramento Contratual,2023-09-30,2026-04-07T13:48:14+00:00,2026-04-07T13:48:14+00:00
9e15f2ab-c93e-43bc-9cb9-260c3c71b38e,9e15f2ab-c93e-43bc-9cb9-260c3c71b38e,Descontinuação da Line,2023-02-16,2026-04-07T13:48:14+00:00,2026-04-07T13:48:14+00:00
04a5fb90-d00d-4970-b89b-9fa4b40d0dd4,04a5fb90-d00d-4970-b89b-9fa4b40d0dd4,Venda de Jogador,2022-11-18,2026-04-07T13:48:14+00:00,2026-04-07T13:48:14+00:00
2bd07980-bcb6-4cdc-a4e6-5cea95702d51,2bd07980-bcb6-4cdc-a4e6-5cea95702d51,Novo Projeto,2023-02-07,2026-04-07T13:48:14+00:00,2026-04-07T13:48:14+00:00
fce94f2b-b448-4d4d-adfb-616bd84d29fa,fce94f2b-b448-4d4d-adfb-616bd84d29fa,Novo Projeto,2023-03-01,2026-04-07T13:48:14+00:00,2026-04-07T13:48:14+00:00
3e38b7f2-d1a6-4232-bc48-635e24bf3416,3e38b7f2-d1a6-4232-bc48-635e24bf3416,Descontinuação da Line,2023-02-16,2026-04-07T13:48:14+00:00,2026-04-07T13:48:14+00:00
693cd964-b7b8-430c-aac7-8b8f666fd226,693cd964-b7b8-430c-aac7-8b8f666fd226,Venda de Jogador,2022-12-07,2026-04-07T13:48:14+00:00,2026-04-07T13:48:14+00:00
660da8a5-71ad-4d19-bd0d-e7e0b2ea71dc,660da8a5-71ad-4d19-bd0d-e7e0b2ea71dc,Novos Desafios de Carreira,2023-07-03,2026-04-07T13:48:14+00:00,2026-04-07T13:48:14+00:00
dc388612-55ed-42fc-a872-fd50b64e6c6f,dc388612-55ed-42fc-a872-fd50b64e6c6f,Venda de Jogador,2022-11-13,2026-04-07T13:48:14+00:00,2026-04-07T13:48:14+00:00
538a18cb-68d7-4e02-9ec5-2faa7068f1b1,538a18cb-68d7-4e02-9ec5-2faa7068f1b1,Redução de Quadro,2024-11-18,2026-04-07T13:48:14+00:00,2026-04-07T13:48:14+00:00
a7938f66-9d66-45fd-bf92-634199b038e4,a7938f66-9d66-45fd-bf92-634199b038e4,Venda de Jogador,2022-09-30,2026-04-07T13:48:14+00:00,2026-04-07T13:48:14+00:00
a94702ef-d1fa-424b-843f-5b06282025dd,a94702ef-d1fa-424b-843f-5b06282025dd,Baixa Performance,2024-06-19,2026-04-07T13:48:14+00:00,2026-04-07T13:48:14+00:00
2a551e8c-1aaa-4b1b-85b7-7ee8f0cde3f2,2a551e8c-1aaa-4b1b-85b7-7ee8f0cde3f2,Encerramento de parceria,2023-01-01,2026-04-07T13:48:14+00:00,2026-04-07T13:48:14+00:00
caedbe76-ebb0-4fe2-98fc-c5ab55a79106,caedbe76-ebb0-4fe2-98fc-c5ab55a79106,Venda de Jogador,2023-01-12,2026-04-07T13:48:14+00:00,2026-04-07T13:48:14+00:00
bff701d9-e77d-4577-b002-799a72eeb35e,bff701d9-e77d-4577-b002-799a72eeb35e,Venda de Jogador,2023-05-03,2026-04-07T13:48:14+00:00,2026-04-07T13:48:14+00:00
46dbdd56-2340-450b-adba-3dfa7b8b26f7,46dbdd56-2340-450b-adba-3dfa7b8b26f7,Redução de Quadro,2025-04-30,2026-04-07T13:48:14+00:00,2026-04-07T13:48:14+00:00
83d47f3c-4e08-46d1-b62d-07c688109bc0,83d47f3c-4e08-46d1-b62d-07c688109bc0,Transferência para PJ,2022-04-21,2026-04-07T13:48:14+00:00,2026-04-07T13:48:14+00:00
c83e9e00-b7e9-4713-b143-60792b8fa1d3,c83e9e00-b7e9-4713-b143-60792b8fa1d3,Transferência para PJ,2022-07-29,2026-04-07T13:48:14+00:00,2026-04-07T13:48:14+00:00
eb9e510f-3409-475f-914a-4fc7eadd7a2e,eb9e510f-3409-475f-914a-4fc7eadd7a2e,Novos Desafios de Carreira,2023-12-31,2026-04-07T13:48:14+00:00,2026-04-07T13:48:14+00:00
b0057206-0765-49bb-9095-d46a352d6081,b0057206-0765-49bb-9095-d46a352d6081,Efetivação,2025-02-28,2026-04-07T13:48:14+00:00,2026-04-07T13:48:14+00:00
857f460b-4ae4-4115-811e-329295467095,857f460b-4ae4-4115-811e-329295467095,Encerramento de parceria,2023-12-18,2026-04-07T13:48:14+00:00,2026-04-07T13:48:14+00:00
505f8616-7f60-4a74-bf56-acdf9f7bc25e,505f8616-7f60-4a74-bf56-acdf9f7bc25e,Encerramento de parceria,2024-01-12,2026-04-07T13:48:14+00:00,2026-04-07T13:48:14+00:00
6e2f4368-8f13-4579-81e7-04289e770968,6e2f4368-8f13-4579-81e7-04289e770968,Baixa Performance,2023-09-25,2026-04-07T13:48:14+00:00,2026-04-07T13:48:14+00:00
5b371a9a-87a5-4ae1-89cd-ac220743989a,5b371a9a-87a5-4ae1-89cd-ac220743989a,Transferência para PJ,2022-06-13,2026-04-07T13:48:14+00:00,2026-04-07T13:48:14+00:00
14ea5f4c-6178-49b8-a069-d83b072cb6a5,14ea5f4c-6178-49b8-a069-d83b072cb6a5,Transferência para PJ,2022-07-29,2026-04-07T13:48:14+00:00,2026-04-07T13:48:14+00:00
abf40902-e5d8-44e4-8f8a-9e01d988d421,abf40902-e5d8-44e4-8f8a-9e01d988d421,Baixa Performance,2024-10-18,2026-04-07T13:48:14+00:00,2026-04-07T13:48:14+00:00
4ae2bbde-460a-40fd-bffa-25030b8931f1,4ae2bbde-460a-40fd-bffa-25030b8931f1,Transferência para PJ,2022-06-23,2026-04-07T13:48:14+00:00,2026-04-07T13:48:14+00:00
93721b07-09a3-4900-87ec-20cfe10bba7f,93721b07-09a3-4900-87ec-20cfe10bba7f,Encerramento de parceria,2022-02-23,2026-04-07T13:48:14+00:00,2026-04-07T13:48:14+00:00
1e3831be-6a6f-4482-b79e-b6abeaa6c1ed,1e3831be-6a6f-4482-b79e-b6abeaa6c1ed,Encerramento de parceria,2022-03-24,2026-04-07T13:48:14+00:00,2026-04-07T13:48:14+00:00
0669d721-853e-40b3-a81b-52a078e5a3d8,0669d721-853e-40b3-a81b-52a078e5a3d8,Encerramento de parceria,2022-02-23,2026-04-07T13:48:14+00:00,2026-04-07T13:48:14+00:00
b51381c9-42bb-4bc7-9de0-7e49ad0d4a10,b51381c9-42bb-4bc7-9de0-7e49ad0d4a10,Baixa Performance,2025-10-31,2026-04-07T13:48:14+00:00,2026-04-07T13:48:14+00:00
a921262a-a911-44bc-b879-89f5055acab5,a921262a-a911-44bc-b879-89f5055acab5,Redução de Quadro,2024-11-07,2026-04-07T13:48:14+00:00,2026-04-07T13:48:14+00:00
e1a4c26f-96e0-4e6c-a5bd-b4d5192cff62,e1a4c26f-96e0-4e6c-a5bd-b4d5192cff62,Encerramento de parceria,2024-03-08,2026-04-07T13:48:14+00:00,2026-04-07T13:48:14+00:00
faf49ea1-bebc-47f6-acfe-838128f63a5f,faf49ea1-bebc-47f6-acfe-838128f63a5f,Baixa Performance,2025-05-30,2026-04-07T13:48:14+00:00,2026-04-07T13:48:14+00:00
bb3e4b00-a1d1-4ee5-9a29-30d032d68b75,bb3e4b00-a1d1-4ee5-9a29-30d032d68b75,Novos Desafios de Carreira,2024-02-09,2026-04-07T13:48:14+00:00,2026-04-07T13:48:14+00:00
3e003051-618b-4996-ab7b-6e0c7988a392,3e003051-618b-4996-ab7b-6e0c7988a392,Transferência de Jogador,2025-07-15,2026-04-07T13:48:14+00:00,2026-04-07T13:48:14+00:00
69ab530e-315f-419d-b854-77e705d46e1c,69ab530e-315f-419d-b854-77e705d46e1c,Efetivação,2024-01-31,2026-04-07T13:48:14+00:00,2026-04-07T13:48:14+00:00
50e523a5-f90c-473e-9383-e6ceec700971,50e523a5-f90c-473e-9383-e6ceec700971,Redução de Quadro,2025-01-10,2026-04-07T13:48:14+00:00,2026-04-07T13:48:14+00:00
cb69094e-87e3-41aa-8d7f-2dde521913d8,cb69094e-87e3-41aa-8d7f-2dde521913d8,Redução de Quadro,2024-09-02,2026-04-07T13:48:14+00:00,2026-04-07T13:48:14+00:00
821ae348-713f-4cf2-bd28-50151e828d52,821ae348-713f-4cf2-bd28-50151e828d52,Redução de Quadro,2024-11-18,2026-04-07T13:48:14+00:00,2026-04-07T13:48:14+00:00
664bc436-a1ec-4d07-8836-1411e47abf8e,664bc436-a1ec-4d07-8836-1411e47abf8e,Baixa Performance,2024-05-10,2026-04-07T13:48:14+00:00,2026-04-07T13:48:14+00:00
9252af91-27b8-45cd-95fb-05905ced6f54,9252af91-27b8-45cd-95fb-05905ced6f54,Baixa Performance,2024-05-10,2026-04-07T13:48:14+00:00,2026-04-07T13:48:14+00:00
6228eb32-2fbe-46d2-92cf-f697fe537d23,6228eb32-2fbe-46d2-92cf-f697fe537d23,Redução de Quadro,2024-11-18,2026-04-07T13:48:14+00:00,2026-04-07T13:48:14+00:00
bdf94b6b-203a-4c8b-8bea-37b1b25b40bf,bdf94b6b-203a-4c8b-8bea-37b1b25b40bf,Redução de Quadro,2024-08-26,2026-04-07T13:48:14+00:00,2026-04-07T13:48:14+00:00
6c2e2547-1cb0-4a01-9847-482c10336269,6c2e2547-1cb0-4a01-9847-482c10336269,Encerramento de parceria,2024-03-12,2026-04-07T13:48:14+00:00,2026-04-07T13:48:14+00:00
bb0df5ca-5291-4c09-82a9-c661b5281b41,bb0df5ca-5291-4c09-82a9-c661b5281b41,Novos Desafios de Carreira,2025-08-31,2026-04-07T13:48:14+00:00,2026-04-07T13:48:14+00:00
1aaf143f-e171-45ce-a5f6-a25e5a59c558,1aaf143f-e171-45ce-a5f6-a25e5a59c558,Redução de Quadro,2024-09-06,2026-04-07T13:48:14+00:00,2026-04-07T13:48:14+00:00
be16bced-3156-4265-a6a6-fc10e8d56dd8,be16bced-3156-4265-a6a6-fc10e8d56dd8,Redução de Quadro,2024-09-30,2026-04-07T13:48:14+00:00,2026-04-07T13:48:14+00:00
423c68e2-4704-492a-bca0-2c94df111d24,423c68e2-4704-492a-bca0-2c94df111d24,Novos Desafios de Carreira,2024-12-06,2026-04-07T13:48:14+00:00,2026-04-07T13:48:14+00:00
65c57deb-aac8-402f-8968-b3c4e579ed44,65c57deb-aac8-402f-8968-b3c4e579ed44,Redução de Quadro,2024-09-03,2026-04-07T13:48:14+00:00,2026-04-07T13:48:14+00:00
435d9a71-2648-4f79-853c-fda116d72b37,435d9a71-2648-4f79-853c-fda116d72b37,Empréstimo de jogador,2024-08-14,2026-04-07T13:48:14+00:00,2026-04-07T13:48:14+00:00
3a191e34-5f2a-4723-845e-b176d13fb9f4,3a191e34-5f2a-4723-845e-b176d13fb9f4,Redução de Quadro,2024-12-13,2026-04-07T13:48:14+00:00,2026-04-07T13:48:14+00:00
abe5cb46-e225-4d97-b88a-4cb3f1242df4,abe5cb46-e225-4d97-b88a-4cb3f1242df4,Redução de Quadro,2024-12-13,2026-04-07T13:48:14+00:00,2026-04-07T13:48:14+00:00
11fda986-4102-4ec7-8f1f-e6f3e31363e1,11fda986-4102-4ec7-8f1f-e6f3e31363e1,Baixa Performance,2024-07-15,2026-04-07T13:48:14+00:00,2026-04-07T13:48:14+00:00
0d9f9314-e1fc-46c2-b402-b7572d0bbd80,0d9f9314-e1fc-46c2-b402-b7572d0bbd80,Redução de Quadro,2024-12-16,2026-04-07T13:48:14+00:00,2026-04-07T13:48:14+00:00
e0da3c06-639e-4029-b0bc-fa6f29cef6dd,e0da3c06-639e-4029-b0bc-fa6f29cef6dd,Encerramento de parceria,2024-12-02,2026-04-07T13:48:14+00:00,2026-04-07T13:48:14+00:00
01fb34fb-ca10-457c-997b-3b29abe27846,01fb34fb-ca10-457c-997b-3b29abe27846,Encerramento Contratual,2025-07-31,2026-04-07T13:48:14+00:00,2026-04-07T13:48:14+00:00
82b83878-6ef0-45ab-804a-3ef8603f646e,82b83878-6ef0-45ab-804a-3ef8603f646e,Baixa Performance,2025-07-31,2026-04-07T13:48:14+00:00,2026-04-07T13:48:14+00:00
80b2536b-6a42-4397-bef5-da6a42cfb0db,80b2536b-6a42-4397-bef5-da6a42cfb0db,Baixa Performance,2025-08-15,2026-04-07T13:48:14+00:00,2026-04-07T13:48:14+00:00
9d25b093-a632-4f4b-9fb3-11b99e1b1502,9d25b093-a632-4f4b-9fb3-11b99e1b1502,Encerramento de parceria,2023-12-13,2026-04-07T13:48:14+00:00,2026-04-07T13:48:14+00:00
6fcd9b0f-ae82-4810-ad14-00f0a986cacd,6fcd9b0f-ae82-4810-ad14-00f0a986cacd,Encerramento de parceria,2023-12-02,2026-04-07T13:48:14+00:00,2026-04-07T13:48:14+00:00
85aba37a-d7fa-48e8-9161-d06d833c0612,85aba37a-d7fa-48e8-9161-d06d833c0612,Encerramento de parceria,2022-12-27,2026-04-07T13:48:14+00:00,2026-04-07T13:48:14+00:00
0c1623cc-6c1f-4fe6-9b53-89bbc31519d8,0c1623cc-6c1f-4fe6-9b53-89bbc31519d8,Redução de Quadro,2024-01-31,2026-04-07T13:48:14+00:00,2026-04-07T13:48:14+00:00
686faab2-ae8d-46ea-909b-bd6e79b9f16b,686faab2-ae8d-46ea-909b-bd6e79b9f16b,Redução de Quadro,2024-10-30,2026-04-07T13:48:14+00:00,2026-04-07T13:48:14+00:00
39dc5842-6e64-4d8e-a2f4-c8a13a34fed5,39dc5842-6e64-4d8e-a2f4-c8a13a34fed5,,2025-06-05,2026-04-07T13:48:14+00:00,2026-04-07T13:48:14+00:00
e8922699-be2f-4116-8405-33d469862ef8,e8922699-be2f-4116-8405-33d469862ef8,Encerramento de parceria,2022-04-30,2026-04-07T13:48:14+00:00,2026-04-07T13:48:14+00:00
afc42233-63c3-4946-9e83-a495fcd7ddc4,afc42233-63c3-4946-9e83-a495fcd7ddc4,Encerramento de parceria,2022-07-31,2026-04-07T13:48:14+00:00,2026-04-07T13:48:14+00:00
051620ea-ba15-484f-8b02-f3d9bc871eba,051620ea-ba15-484f-8b02-f3d9bc871eba,Encerramento de parceria,2022-01-05,2026-04-07T13:48:14+00:00,2026-04-07T13:48:14+00:00
9bd2cf4f-da8f-488d-9f51-5ffc8f8b0b2f,9bd2cf4f-da8f-488d-9f51-5ffc8f8b0b2f,Redução de Quadro,2024-09-16,2026-04-07T13:48:14+00:00,2026-04-07T13:48:14+00:00
ca07f948-000a-43b1-920b-b1ab3fd4878f,ca07f948-000a-43b1-920b-b1ab3fd4878f,Redução de Quadro,2024-09-16,2026-04-07T13:48:14+00:00,2026-04-07T13:48:14+00:00
1d409171-9bf1-4d88-a8ac-2c5948417c35,1d409171-9bf1-4d88-a8ac-2c5948417c35,Redução de Quadro,2024-11-18,2026-04-07T13:48:14+00:00,2026-04-07T13:48:14+00:00
8ca43666-82b9-4251-b057-035f0b082961,8ca43666-82b9-4251-b057-035f0b082961,Redução de Quadro,2024-11-18,2026-04-07T13:48:14+00:00,2026-04-07T13:48:14+00:00
adb8240e-d7a7-40fa-b63b-9e6dbe404210,adb8240e-d7a7-40fa-b63b-9e6dbe404210,Empréstimo de jogador,2024-10-29,2026-04-07T13:48:14+00:00,2026-04-07T13:48:14+00:00
7a5014b5-2472-4403-b31b-d81133000209,7a5014b5-2472-4403-b31b-d81133000209,Novos Desafios de Carreira,2024-01-19,2026-04-07T13:48:14+00:00,2026-04-07T13:48:14+00:00
e7c3aedb-e4da-492a-b527-649107116b00,e7c3aedb-e4da-492a-b527-649107116b00,Novos Desafios de Carreira,2026-02-28,2026-04-07T13:48:14+00:00,2026-04-07T13:48:14+00:00
7f080033-463e-4af2-bae9-b1b0934723a9,7f080033-463e-4af2-bae9-b1b0934723a9,Novos Desafios de Carreira,2026-02-28,2026-04-07T13:48:14+00:00,2026-04-07T13:48:14+00:00
02764938-6a46-410f-a761-9d1087a11251,02764938-6a46-410f-a761-9d1087a11251,Novos Desafios de Carreira,2026-02-28,2026-04-07T13:48:14+00:00,2026-04-07T13:48:14+00:00
13476d2c-075a-431e-85ba-739d5dcf0a60,13476d2c-075a-431e-85ba-739d5dcf0a60,Novos Desafios de Carreira,2026-02-28,2026-04-07T13:48:14+00:00,2026-04-07T13:48:14+00:00
46c68942-d7a6-4642-983f-743d7de164b1,46c68942-d7a6-4642-983f-743d7de164b1,Novos Desafios de Carreira,2026-02-28,2026-04-07T13:48:14+00:00,2026-04-07T13:48:14+00:00
6f6e2c95-4a57-4bc2-824c-2652f18a2c38,6f6e2c95-4a57-4bc2-824c-2652f18a2c38,Novos Desafios de Carreira,2026-02-28,2026-04-07T13:48:14+00:00,2026-04-07T13:48:14+00:00
661df14e-db5a-41b3-9d7d-bf053206942a,661df14e-db5a-41b3-9d7d-bf053206942a,Novos Desafios de Carreira,2026-02-28,2026-04-07T13:48:14+00:00,2026-04-07T13:48:14+00:00
aa67c8e1-b564-4401-b5f3-3d6a9d03624c,aa67c8e1-b564-4401-b5f3-3d6a9d03624c,Encerramento de parceria,2022-04-30,2026-04-07T13:48:14+00:00,2026-04-07T13:48:14+00:00
819dc089-891c-4f7c-bad1-6f06d8cde578,819dc089-891c-4f7c-bad1-6f06d8cde578,Encerramento de parceria,2022-02-18,2026-04-07T13:48:14+00:00,2026-04-07T13:48:14+00:00
f07ab17a-de0b-427d-a9b0-ec6954a4aa12,f07ab17a-de0b-427d-a9b0-ec6954a4aa12,Encerramento de parceria,2022-08-08,2026-04-07T13:48:14+00:00,2026-04-07T13:48:14+00:00
7e61f76b-652e-47c6-856c-18c094c7ed38,7e61f76b-652e-47c6-856c-18c094c7ed38,Encerramento de parceria,2022-01-27,2026-04-07T13:48:14+00:00,2026-04-07T13:48:14+00:00
0e759b91-b3b9-42ac-a76c-dbe2349f8342,0e759b91-b3b9-42ac-a76c-dbe2349f8342,Novo Desafio,2026-02-15,2026-04-07T13:48:14+00:00,2026-04-07T13:48:14+00:00
d87711dc-a483-48d1-aa3a-c1dcdee24d3d,d87711dc-a483-48d1-aa3a-c1dcdee24d3d,Redução de Quadro,2024-10-12,2026-04-07T13:48:14+00:00,2026-04-07T13:48:14+00:00
94343579-dcf2-4e13-b3ef-60207c4e363e,94343579-dcf2-4e13-b3ef-60207c4e363e,Redução de Quadro,2024-11-30,2026-04-07T13:48:14+00:00,2026-04-07T13:48:14+00:00
2cd12278-07fa-4b84-b541-533da8234778,2cd12278-07fa-4b84-b541-533da8234778,Baixa Performance,2024-07-30,2026-04-07T13:48:14+00:00,2026-04-07T13:48:14+00:00
bec23785-f20c-4a38-9b60-dca449c84c12,bec23785-f20c-4a38-9b60-dca449c84c12,Redução de Quadro,2024-09-30,2026-04-07T13:48:14+00:00,2026-04-07T13:48:14+00:00
7c237eca-6660-41ea-859d-ccf7ff6c6095,7c237eca-6660-41ea-859d-ccf7ff6c6095,Redução de Quadro,2024-09-30,2026-04-07T13:48:14+00:00,2026-04-07T13:48:14+00:00
9a6b8853-7ba8-4142-a0eb-45bc52bd38a5,9a6b8853-7ba8-4142-a0eb-45bc52bd38a5,Baixa Performance,2024-05-15,2026-04-07T13:48:14+00:00,2026-04-07T13:48:14+00:00
4476ce9c-70b2-41c6-a5e0-d3078bbddac8,4476ce9c-70b2-41c6-a5e0-d3078bbddac8,Redução de Quadro,2024-09-30,2026-04-07T13:48:14+00:00,2026-04-07T13:48:14+00:00
f5fadcb3-e59c-4a8e-959b-17531ab398af,f5fadcb3-e59c-4a8e-959b-17531ab398af,Redução de Quadro,2025-01-30,2026-04-07T13:48:14+00:00,2026-04-07T13:48:14+00:00
e7f4ce14-fa07-4414-a301-4ceae5bd8f84,e7f4ce14-fa07-4414-a301-4ceae5bd8f84,Baixa Performance,2025-02-03,2026-04-07T13:48:14+00:00,2026-04-07T13:48:14+00:00
edcd9bcc-adbf-41de-86ed-6e2131e5f449,edcd9bcc-adbf-41de-86ed-6e2131e5f449,Baixa Performance,2025-04-07,2026-04-07T13:48:14+00:00,2026-04-07T13:48:14+00:00
b5c26951-a90c-48ba-82f5-be507e87e0e3,b5c26951-a90c-48ba-82f5-be507e87e0e3,Efetivação,2025-05-31,2026-04-07T13:48:14+00:00,2026-04-07T13:48:14+00:00
c32db80a-64f9-4a77-8ce2-a7c3e3c63921,c32db80a-64f9-4a77-8ce2-a7c3e3c63921,Efetivação,2025-05-31,2026-04-07T13:48:14+00:00,2026-04-07T13:48:14+00:00
8510555e-9480-481f-ab84-fac463f47289,8510555e-9480-481f-ab84-fac463f47289,Novo Desafio,2024-08-30,2026-04-07T13:48:14+00:00,2026-04-07T13:48:14+00:00
39ced93d-0fb0-4c74-b460-63cddc479e54,39ced93d-0fb0-4c74-b460-63cddc479e54,Baixa Performance,2025-10-31,2026-04-07T13:48:14+00:00,2026-04-07T13:48:14+00:00
a46adfe9-2ab2-491a-9760-5f2e3a2a2ca3,a46adfe9-2ab2-491a-9760-5f2e3a2a2ca3,Venda de Jogador,2023-05-03,2026-04-07T13:48:14+00:00,2026-04-07T13:48:14+00:00
958da449-c5c5-45ca-b692-eaf0bae2f95f,958da449-c5c5-45ca-b692-eaf0bae2f95f,Baixa Performance,2024-10-08,2026-04-07T13:48:14+00:00,2026-04-07T13:48:14+00:00
46667a2b-f026-4d62-9f59-6a538709966d,46667a2b-f026-4d62-9f59-6a538709966d,Redução de Quadro,2024-09-02,2026-04-07T13:48:14+00:00,2026-04-07T13:48:14+00:00
b95cd78d-fc4b-4363-9fed-e1a68b5a35b4,b95cd78d-fc4b-4363-9fed-e1a68b5a35b4,Redução de Quadro,2024-11-25,2026-04-07T13:48:14+00:00,2026-04-07T13:48:14+00:00
3ae52a54-c57d-49ee-89cc-241674468e90,3ae52a54-c57d-49ee-89cc-241674468e90,Novos Desafios de Carreira,2024-07-19,2026-04-07T13:48:14+00:00,2026-04-07T13:48:14+00:00
2e2bac4b-465e-4b3e-b4ce-7ca41de97032,2e2bac4b-465e-4b3e-b4ce-7ca41de97032,Redução de Quadro,2024-09-16,2026-04-07T13:48:14+00:00,2026-04-07T13:48:14+00:00
fef5cb92-78b1-4b0b-bf11-35ec8e72ee5e,fef5cb92-78b1-4b0b-bf11-35ec8e72ee5e,Baixa Performance,2022-07-06,2026-04-07T13:48:14+00:00,2026-04-07T13:48:14+00:00
822639e1-5430-4af3-bc3a-d394bb275187,822639e1-5430-4af3-bc3a-d394bb275187,Encerramento de parceria,2023-04-20,2026-04-07T13:48:14+00:00,2026-04-07T13:48:14+00:00
b7fec9a6-b2a3-4269-b37c-ab817ae91a14,b7fec9a6-b2a3-4269-b37c-ab817ae91a14,Encerramento de parceria,2022-11-13,2026-04-07T13:48:14+00:00,2026-04-07T13:48:14+00:00
76bad0e9-78af-4b41-a495-b137f9f36302,76bad0e9-78af-4b41-a495-b137f9f36302,Baixa Performance,2022-07-06,2026-04-07T13:48:14+00:00,2026-04-07T13:48:14+00:00
658349aa-de64-4883-b3dc-812e83408112,658349aa-de64-4883-b3dc-812e83408112,Novos Desafios de Carreira,2025-06-30,2026-04-07T13:48:14+00:00,2026-04-07T13:48:14+00:00
11d41b7b-ea98-4491-aea2-e6775b4401b9,11d41b7b-ea98-4491-aea2-e6775b4401b9,Novos Desafios de Carreira,2025-07-31,2026-04-07T13:48:14+00:00,2026-04-07T13:48:14+00:00
7090edf0-2077-479e-b5d0-49ae8547dcd3,7090edf0-2077-479e-b5d0-49ae8547dcd3,Redução de Quadro,2024-11-30,2026-04-07T13:48:14+00:00,2026-04-07T13:48:14+00:00
2b31a637-aa41-4421-8a24-c8050041cc40,2b31a637-aa41-4421-8a24-c8050041cc40,Redução de Quadro,2024-11-30,2026-04-07T13:48:14+00:00,2026-04-07T13:48:14+00:00
1476e819-9c10-4cd9-881f-ed6068ffc7e8,1476e819-9c10-4cd9-881f-ed6068ffc7e8,Redução de Quadro,2024-09-30,2026-04-07T13:48:14+00:00,2026-04-07T13:48:14+00:00
8a23a84a-bcaa-4ec1-9952-e59755f58921,8a23a84a-bcaa-4ec1-9952-e59755f58921,Redução de Quadro,2024-09-02,2026-04-07T13:48:14+00:00,2026-04-07T13:48:14+00:00
fa25f99d-759b-4f5d-bb17-f62433f82532,fa25f99d-759b-4f5d-bb17-f62433f82532,Redução de Quadro,2024-09-02,2026-04-07T13:48:14+00:00,2026-04-07T13:48:14+00:00
efec03ca-824a-40bc-9bdb-29f23ebdd742,efec03ca-824a-40bc-9bdb-29f23ebdd742,Novo Desafio,2024-12-11,2026-04-07T13:48:14+00:00,2026-04-07T13:48:14+00:00
17c5c071-6011-4d42-8818-93f529a73267,17c5c071-6011-4d42-8818-93f529a73267,Baixa Performance,2025-02-19,2026-04-07T13:48:14+00:00,2026-04-07T13:48:14+00:00
1fac90f4-b164-459e-9c35-86edd9cd41f1,1fac90f4-b164-459e-9c35-86edd9cd41f1,Transferência de Jogador,2025-08-15,2026-04-07T13:48:14+00:00,2026-04-07T13:48:14+00:00
c9c5e4b1-a9d3-4a7e-80df-e2efb52cea5f,c9c5e4b1-a9d3-4a7e-80df-e2efb52cea5f,Redução de Quadro,2024-12-10,2026-04-07T13:48:14+00:00,2026-04-07T13:48:14+00:00
dbf3fa1c-b331-4c21-ad7c-974974960dbe,dbf3fa1c-b331-4c21-ad7c-974974960dbe,Baixa Performance,2024-10-01,2026-04-07T13:48:14+00:00,2026-04-07T13:48:14+00:00
9ab21919-d038-40d3-b976-d7c7addd8a54,9ab21919-d038-40d3-b976-d7c7addd8a54,Redução de Quadro,2025-01-19,2026-04-07T13:48:14+00:00,2026-04-07T13:48:14+00:00
17fd42fc-a017-44cb-b5d4-967fe64436f3,17fd42fc-a017-44cb-b5d4-967fe64436f3,Redução de Quadro,2024-12-13,2026-04-07T13:48:14+00:00,2026-04-07T13:48:14+00:00
a745cb8c-44e3-4acd-bba1-1a130d7e69c9,a745cb8c-44e3-4acd-bba1-1a130d7e69c9,Baixa Performance,2025-05-30,2026-04-07T13:48:14+00:00,2026-04-07T13:48:14+00:00
896898d2-5194-49bc-87b8-59a30b61322e,896898d2-5194-49bc-87b8-59a30b61322e,Efetivação,2025-04-11,2026-04-07T13:48:14+00:00,2026-04-07T13:48:14+00:00
b0787ca6-034b-4207-bce8-09f4568de600,b0787ca6-034b-4207-bce8-09f4568de600,Efetivação,2025-01-19,2026-04-07T13:48:14+00:00,2026-04-07T13:48:14+00:00
049091d3-e95c-40fa-b033-9f12c14dffca,049091d3-e95c-40fa-b033-9f12c14dffca,Baixa Performance,2025-05-29,2026-04-07T13:48:14+00:00,2026-04-07T13:48:14+00:00
91598728-937c-45ce-9eae-8f8ba91f3464,91598728-937c-45ce-9eae-8f8ba91f3464,Baixa Performance,2025-05-29,2026-04-07T13:48:14+00:00,2026-04-07T13:48:14+00:00
1e01c8e8-2311-4387-8ff0-f1bb5b659e34,1e01c8e8-2311-4387-8ff0-f1bb5b659e34,Encerramento de parceria,2025-04-13,2026-04-07T13:48:14+00:00,2026-04-07T13:48:14+00:00
de98f546-0534-47b9-813a-62e1758fca43,de98f546-0534-47b9-813a-62e1758fca43,Encerramento de parceria,2025-04-13,2026-04-07T13:48:14+00:00,2026-04-07T13:48:14+00:00
e4a2a8d9-4735-436f-bdfc-b2ef2837082f,e4a2a8d9-4735-436f-bdfc-b2ef2837082f,Baixa Performance,2025-10-20,2026-04-07T13:48:14+00:00,2026-04-07T13:48:14+00:00
b45ac0ce-b769-4f79-989e-1bfea907a486,b45ac0ce-b769-4f79-989e-1bfea907a486,Efetivação,2025-07-22,2026-04-07T13:48:14+00:00,2026-04-07T13:48:14+00:00
35041f86-bbbd-412f-8a05-0926018fcd78,35041f86-bbbd-412f-8a05-0926018fcd78,Encerramento de parceria,2025-04-13,2026-04-07T13:48:14+00:00,2026-04-07T13:48:14+00:00
fc3ae28d-9d1e-411a-92aa-c2595bfcbc55,fc3ae28d-9d1e-411a-92aa-c2595bfcbc55,Transferência para PJ,2025-04-13,2026-04-07T13:48:14+00:00,2026-04-07T13:48:14+00:00
affb8bba-e888-46f3-9b20-b5d0443762ff,affb8bba-e888-46f3-9b20-b5d0443762ff,Efetivação,2025-09-21,2026-04-07T13:48:14+00:00,2026-04-07T13:48:14+00:00
d3bcf35b-d4e2-4ded-889c-ce447216197d,d3bcf35b-d4e2-4ded-889c-ce447216197d,Efetivação,2026-01-31,2026-04-07T13:48:14+00:00,2026-04-07T13:48:14+00:00
98ecfbf7-d038-4250-a8aa-1cfa10193276,98ecfbf7-d038-4250-a8aa-1cfa10193276,Transferência para PJ,2025-04-13,2026-04-07T13:48:14+00:00,2026-04-07T13:48:14+00:00
aeaa27f0-49bf-45a2-9572-a1d061abd4c6,aeaa27f0-49bf-45a2-9572-a1d061abd4c6,Encerramento Contratual,2025-12-31,2026-04-07T13:48:14+00:00,2026-04-07T13:48:14+00:00
601652e3-843b-41bf-903b-d2d71e52b3a5,601652e3-843b-41bf-903b-d2d71e52b3a5,Encerramento Contratual,2025-12-31,2026-04-07T13:48:14+00:00,2026-04-07T13:48:14+00:00
04176573-30e1-45fe-bc32-c41e0ded4475,04176573-30e1-45fe-bc32-c41e0ded4475,Transf MadHouse TV,2025-09-30,2026-04-07T13:48:14+00:00,2026-04-07T13:48:14+00:00
34653eba-de12-42e3-99bc-73e662e3ec7c,34653eba-de12-42e3-99bc-73e662e3ec7c,,2025-08-29,2026-04-07T13:48:14+00:00,2026-04-07T13:48:14+00:00
85d8c90b-52b4-4bd6-9ce4-bb21b9b32087,85d8c90b-52b4-4bd6-9ce4-bb21b9b32087,Encerramento Contratual,2026-03-24,2026-04-07T13:48:14+00:00,2026-04-07T13:48:14+00:00
699b4858-9db0-4050-8f27-4e4d5dd53ad9,699b4858-9db0-4050-8f27-4e4d5dd53ad9,Encerramento Contratual,2026-03-24,2026-04-07T13:48:14+00:00,2026-04-07T13:48:14+00:00
50bfad6b-5c65-4462-ae94-6f34283086ab,50bfad6b-5c65-4462-ae94-6f34283086ab,,2025-08-29,2026-04-07T13:48:14+00:00,2026-04-07T13:48:14+00:00
b489ccfd-0067-4223-8105-b07c9c6bb887,b489ccfd-0067-4223-8105-b07c9c6bb887,Efetivação,2025-11-30,2026-04-07T13:48:14+00:00,2026-04-07T13:48:14+00:00
6e263069-5145-403d-9936-26e1a60fc855,6e263069-5145-403d-9936-26e1a60fc855,Encerramento Contratual,2025-11-30,2026-04-07T13:48:14+00:00,2026-04-07T13:48:14+00:00
9f020c51-4688-46be-87a2-25a653816519,9f020c51-4688-46be-87a2-25a653816519,Encerramento Contratual,2025-12-31,2026-04-07T13:48:14+00:00,2026-04-07T13:48:14+00:00
915be2c0-614c-4e2e-b74b-13526ce4068f,915be2c0-614c-4e2e-b74b-13526ce4068f,Novos Desafios de Carreira,2025-06-30,2026-04-07T13:48:14+00:00,2026-04-07T13:48:14+00:00
5460c9e4-11c5-4e74-aa27-135cfb2dce5d,5460c9e4-11c5-4e74-aa27-135cfb2dce5d,Transferência de Jogador,2025-05-09,2026-04-07T13:48:14+00:00,2026-04-07T13:48:14+00:00
d73f980d-5951-4167-8840-782c7e745bd9,d73f980d-5951-4167-8840-782c7e745bd9,Baixa Performance,2025-06-30,2026-04-07T13:48:14+00:00,2026-04-07T13:48:14+00:00
dc2878df-73f2-4851-b849-b9575303b1cd,dc2878df-73f2-4851-b849-b9575303b1cd,Novos Desafios de Carreira,2025-08-20,2026-04-07T13:48:14+00:00,2026-04-07T13:48:14+00:00
085824f9-2880-488d-a77b-ca8338e74688,085824f9-2880-488d-a77b-ca8338e74688,Baixa Performance,2025-07-16,2026-04-07T13:48:14+00:00,2026-04-07T13:48:14+00:00
d43f7037-d99e-47e3-b883-c37e0e531ad0,d43f7037-d99e-47e3-b883-c37e0e531ad0,Empréstimo de jogador,2025-10-21,2026-04-07T13:48:14+00:00,2026-04-07T13:48:14+00:00
55d46ff3-66ad-4347-b8b4-82156ff485f1,55d46ff3-66ad-4347-b8b4-82156ff485f1,Baixa Performance,2025-10-21,2026-04-07T13:48:14+00:00,2026-04-07T13:48:14+00:00
dbd0b92c-109c-4ec8-b3e1-9bae530cbdcc,dbd0b92c-109c-4ec8-b3e1-9bae530cbdcc,Baixa Performance,2025-10-21,2026-04-07T13:48:14+00:00,2026-04-07T13:48:14+00:00
5de1bcb4-e420-42eb-843b-466a5e9d4557,5de1bcb4-e420-42eb-843b-466a5e9d4557,Baixa Performance,2025-08-18,2026-04-07T13:48:14+00:00,2026-04-07T13:48:14+00:00
81cd6c11-0872-457d-ae2a-f335d2b071a5,81cd6c11-0872-457d-ae2a-f335d2b071a5,Efetivação,2025-12-31,2026-04-07T13:48:14+00:00,2026-04-07T13:48:14+00:00
b2ed6153-3cd5-4f58-8e65-7d5a8f0a593b,b2ed6153-3cd5-4f58-8e65-7d5a8f0a593b,Efetivação,2025-12-12,2026-04-07T13:48:14+00:00,2026-04-07T13:48:14+00:00
aa3ec5a5-dbfe-4f97-bae9-63adbb33b0d9,aa3ec5a5-dbfe-4f97-bae9-63adbb33b0d9,Venda de Jogador,2026-01-15,2026-04-07T13:48:14+00:00,2026-04-07T13:48:14+00:00
b2b543ed-0efb-4d56-9146-0922f9f30b5b,b2b543ed-0efb-4d56-9146-0922f9f30b5b,Encerramento de parceria,2026-02-03,2026-04-07T13:48:14+00:00,2026-04-07T13:48:14+00:00
0871b62f-6e67-40ab-aa37-ea54c81f7afd,0871b62f-6e67-40ab-aa37-ea54c81f7afd,Encerramento de parceria,2026-02-03,2026-04-07T13:48:14+00:00,2026-04-07T13:48:14+00:00
fd2c3caf-a896-4024-a825-4ceee9709742,fd2c3caf-a896-4024-a825-4ceee9709742,Encerramento de parceria,2026-02-03,2026-04-07T13:48:14+00:00,2026-04-07T13:48:14+00:00
77ad14dd-bd78-44ef-8535-b439c5ba2e16,77ad14dd-bd78-44ef-8535-b439c5ba2e16,Encerramento de parceria,2026-02-03,2026-04-07T13:48:14+00:00,2026-04-07T13:48:14+00:00
659509dd-7d30-4e4e-a68a-11cc25a9a39f,659509dd-7d30-4e4e-a68a-11cc25a9a39f,Baixa Performance,2026-01-06,2026-04-07T13:48:14+00:00,2026-04-07T13:48:14+00:00
f4d67ddf-6c4b-47b7-bb50-67f59edd1bfb,f4d67ddf-6c4b-47b7-bb50-67f59edd1bfb,Transf de unidade,2026-03-11,2026-04-07T13:48:14+00:00,2026-04-07T13:48:14+00:00
922fa4d5-ed3a-4dba-a77f-d2dd59b770e8,922fa4d5-ed3a-4dba-a77f-d2dd59b770e8,Encerramento de parceria,2026-02-12,2026-04-07T13:48:14+00:00,2026-04-07T13:48:14+00:00
4d95d817-42dc-4933-9f3d-857667d1d86e,4d95d817-42dc-4933-9f3d-857667d1d86e,Encerramento de parceria,2026-02-12,2026-04-07T13:48:14+00:00,2026-04-07T13:48:14+00:00
581d0c44-4eff-4645-b3b1-17b8884a001a,581d0c44-4eff-4645-b3b1-17b8884a001a,Encerramento Contratual,2026-03-24,2026-04-07T13:48:14+00:00,2026-04-07T13:48:14+00:00
335694c6-409a-469c-a5bf-186e52cec28e,335694c6-409a-469c-a5bf-186e52cec28e,Novo Desafio,2026-02-06,2026-04-07T13:48:14+00:00,2026-04-07T13:48:14+00:00
ab897e47-2e61-478d-9a2f-0bdb868b6d18,ab897e47-2e61-478d-9a2f-0bdb868b6d18,Baixa Performance,2026-02-28,2026-04-07T13:48:14+00:00,2026-04-07T13:48:14+00:00
