id,pessoa_id,tipo_contrato,data_inicio,data_termino,salario_base,carga_horaria_semanal,valor_hora,status_contrato,unidade_negocio,marca,empresa_contratante,time,created_at,updated_at
876927e6-8b8c-4970-b11c-a0be996b9927,d42eee59-0612-4ebf-8935-898ce0b6e4aa,PJ sem prazo determinado,2021-09-28,,1140000,,,Encerrado,,,,,2026-03-31T16:10:28+00:00,2026-03-31T16:10:28+00:00
adc35121-d493-4b30-b99d-fe2b4408c11e,cb89f8de-a28c-435f-a3ad-c7487ce83012,PJ sem prazo determinado,2021-07-19,2026-01-14,400000,,,Encerrado,,,,,2026-03-31T16:10:28+00:00,2026-03-31T16:10:28+00:00
22b73ab4-c6bf-48df-825a-12dc8f6ee924,54b4fbcd-2a63-45c5-bb6b-11e0b1431d4f,PJ sem prazo determinado,2023-08-21,,300000,,,Encerrado,,,,,2026-03-31T16:10:28+00:00,2026-03-31T16:10:28+00:00
b3b34818-3534-4284-bd2e-ebad18e7d153,744a59bb-8278-4605-a289-58212dd03944,PJ sem prazo determinado,2021-01-06,2021-05-07,860402,,,Encerrado,,,,,2026-03-31T16:10:28+00:00,2026-03-31T16:10:28+00:00
4ad79683-2c69-47a2-94ac-6def84f718cd,7c835d94-6052-4687-b022-b4d48f534daa,PJ sem prazo determinado,2022-04-18,2024-09-30,1701000,,,Encerrado,,,,,2026-03-31T16:10:28+00:00,2026-03-31T16:10:28+00:00
90ff91b9-e713-40cf-a39e-93b6c76864c2,952ede89-dfca-4f4c-9eaf-b67606865ad1,PJ sem prazo determinado,2022-09-08,2022-12-01,600000,,,Encerrado,,,,,2026-03-31T16:10:28+00:00,2026-03-31T16:10:28+00:00
95d805e0-fb6b-425a-865c-2910c6f14c2c,fc83168a-60a4-45b8-af9b-82b7080c5a3d,PJ sem prazo determinado,2022-06-20,,500000,,,Encerrado,,,,,2026-03-31T16:10:28+00:00,2026-03-31T16:10:28+00:00
675c99b5-dd60-486b-b747-1c862b36acd0,c3c20e39-2b8d-4b7a-adab-874d5bb255ba,PJ sem prazo determinado,2024-08-05,,900000,,,Encerrado,,,,,2026-03-31T16:10:28+00:00,2026-03-31T16:10:28+00:00
1f8125e9-08f8-4ec4-9b33-6c9e93d5fefe,91095d91-1375-4868-a2f2-eb62b02b2b9d,PJ sem prazo determinado,2021-07-01,2022-06-10,900000,,,Encerrado,,,,,2026-03-31T16:10:28+00:00,2026-03-31T16:10:28+00:00
0bf1d4a9-ab7d-4cf4-afb3-fb2a5ddd2847,d3a04e1d-7a6d-4010-b8ee-99ad81ddcd05,PJ sem prazo determinado,2022-08-15,,800000,,,Encerrado,,,,,2026-03-31T16:10:28+00:00,2026-03-31T16:10:28+00:00
eeb99a19-4b9f-4176-b4f6-7b80902d49e8,6e3f0dd1-0763-4b73-9a6f-7f56c52308f0,PJ sem prazo determinado,2022-02-14,,400000,,,Encerrado,,,,,2026-03-31T16:10:28+00:00,2026-03-31T16:10:28+00:00
84a283e1-a324-4848-af2d-564a8f8af181,610f4f4a-c6d4-4180-9c6f-8fe27bc3954c,PJ sem prazo determinado,2022-11-01,,300000,,,Encerrado,,,,,2026-03-31T16:10:28+00:00,2026-03-31T16:10:28+00:00
fdac4874-3a3c-4f59-8a8f-ec867b18faa6,d357fbc5-f31a-4bcd-a973-0ae6e0bcb394,PJ sem prazo determinado,2024-10-21,,1000000,,,Encerrado,,,,,2026-03-31T16:10:28+00:00,2026-03-31T16:10:28+00:00
d1164e4d-f5c6-4bb1-854b-86d5d1f3781d,54bed095-8613-49cd-864b-f1eba374a479,PJ sem prazo determinado,2023-10-24,2024-04-01,750000,,,Encerrado,,,,,2026-03-31T16:10:28+00:00,2026-03-31T16:10:28+00:00
56f82cc5-40a0-4e4d-955a-68b27a08d25f,a8b71b73-2e6c-49f7-9cfe-feac21007d84,PJ sem prazo determinado,2020-02-03,,252900,,,Encerrado,,,,,2026-03-31T16:10:28+00:00,2026-03-31T16:10:28+00:00
3575ce11-0c6c-434b-8e2c-66e1f0e5c190,d8e40f31-441d-41bd-9550-9dc57e791737,PJ sem prazo determinado,2024-01-18,2024-04-24,350000,,,Encerrado,,,,,2026-03-31T16:10:28+00:00,2026-03-31T16:10:28+00:00
aa3af66f-883d-4713-8610-fcc129b26be1,e6dd2cfe-7d08-48b6-8b6b-ecb28bf0850a,PJ sem prazo determinado,2024-10-01,2025-09-05,700000,,,Encerrado,,,,,2026-03-31T16:10:28+00:00,2026-03-31T16:10:28+00:00
82268d60-c079-4230-a39f-0a67d5e9e80c,8a12453f-cfb5-43a5-9d6f-3e391c24a7ba,PJ sem prazo determinado,2020-03-16,2023-05-23,982800,,,Encerrado,,,,,2026-03-31T16:10:28+00:00,2026-03-31T16:10:28+00:00
e60d2577-9f94-4132-ae2f-9dfadb83bd9c,ccb2407a-4918-4b21-a974-d328053132c4,PJ sem prazo determinado,2022-06-01,2022-09-14,700000,,,Encerrado,,,,,2026-03-31T16:10:28+00:00,2026-03-31T16:10:28+00:00
6a9c377c-a6ec-4c31-bb1f-98d9d25b8813,84efa434-e30f-448d-8e4a-066aa248e43f,PJ sem prazo determinado,2024-04-08,,550000,,,Encerrado,,,,,2026-03-31T16:10:28+00:00,2026-03-31T16:10:28+00:00
06eaa0ee-4347-46bf-9d40-5fa28c6701d3,c22d11de-ed9d-42e2-8960-c201de5e958c,PJ sem prazo determinado,2012-10-16,,2090000,,,Encerrado,,,,,2026-03-31T16:10:28+00:00,2026-03-31T16:10:28+00:00
2df634c8-384e-4666-9f84-3f054a7a7632,b6ddc067-1661-455a-af0e-a85032256764,PJ sem prazo determinado,2021-07-01,2023-02-01,770000,,,Encerrado,,,,,2026-03-31T16:10:28+00:00,2026-03-31T16:10:28+00:00
7ba5dc64-cdd2-4c3b-af78-a2f763425030,c10de15c-4917-4da0-8e52-07096ed3657b,PJ sem prazo determinado,2024-01-02,2024-11-26,350000,,,Encerrado,,,,,2026-03-31T16:10:28+00:00,2026-03-31T16:10:28+00:00
160e8275-f404-4627-8ae3-72e4b3a99ae0,7bc0de5b-a59f-4a5b-98ff-6803dcf798dc,PJ sem prazo determinado,2024-04-01,,400000,,,Encerrado,,,,,2026-03-31T16:10:28+00:00,2026-03-31T16:10:28+00:00
a8b45c4f-6369-4f0f-b632-032172409a8a,b8744668-0860-481e-b623-617a42bb38e9,PJ sem prazo determinado,2024-03-18,,300000,,,Encerrado,,,,,2026-03-31T16:10:28+00:00,2026-03-31T16:10:28+00:00
17f3381f-a37c-41f0-ac95-319fc971e50d,bfb2bb08-d29d-4924-a9f8-33b490b39e6d,PJ sem prazo determinado,2020-07-20,2022-03-15,672311,,,Encerrado,,,,,2026-03-31T16:10:28+00:00,2026-03-31T16:10:28+00:00
ba55a827-7f1d-417f-9d66-2dab3e9327f7,f3347fff-dd1b-418a-9494-ac56843b3c36,PJ sem prazo determinado,2022-06-13,,2000000,,,Encerrado,,,,,2026-03-31T16:10:28+00:00,2026-03-31T16:10:28+00:00
eb4a72d9-ddbd-4c16-b47a-5584633062c9,4a225738-f336-44a2-b92d-4baa2b0c23d7,PJ sem prazo determinado,2021-05-14,2022-10-04,545665,,,Encerrado,,,,,2026-03-31T16:10:28+00:00,2026-03-31T16:10:28+00:00
a879c943-02a3-4dbb-9fb7-76f05a894440,8c6006dd-b095-40c9-9a68-ddec901fb6ca,PJ sem prazo determinado,2020-08-24,,430000,,,Encerrado,,,,,2026-03-31T16:10:28+00:00,2026-03-31T16:10:28+00:00
13e9d94e-9168-4c8c-8717-3b95ebbc7829,461bb6f0-a909-4a6a-87ea-71c5095e1ff2,Sócio,2012-10-16,,2690900,,,Encerrado,,,,,2026-03-31T16:10:28+00:00,2026-03-31T16:10:28+00:00
d5ff67da-288f-45b5-9c72-3de74d29996d,f3a11981-60f8-4a98-a874-b4486aa21021,PJ sem prazo determinado,2024-08-14,,1375000,,,Encerrado,,,,,2026-03-31T16:10:28+00:00,2026-03-31T16:10:28+00:00
ab99cc81-9d8a-4f72-a027-d62fb88d0694,a46830b9-1551-4fd4-82d2-99c8b92bf0d8,PJ sem prazo determinado,2024-03-11,,250000,,,Encerrado,,,,,2026-03-31T16:10:28+00:00,2026-03-31T16:10:28+00:00
7b5cff6b-71f6-41a5-bd84-3b7315c0ea34,9b355bae-488d-4f74-9bb1-011e97e618dc,PJ sem prazo determinado,2021-01-01,2022-05-19,846709,,,Encerrado,,,,,2026-03-31T16:10:28+00:00,2026-03-31T16:10:28+00:00
b8c8394e-6068-4c16-8d19-b087d340271b,53ec9ae2-1718-4577-b123-e3df640403b5,PJ sem prazo determinado,2020-09-01,,390533,,,Encerrado,,,,,2026-03-31T16:10:28+00:00,2026-03-31T16:10:28+00:00
cd20eb06-66de-48c6-9a5d-47d663e4398f,b69b323f-9ed5-4e29-b5ae-41d046c99f4c,PJ sem prazo determinado,,2022-01-28,950000,,,Encerrado,,,,,2026-03-31T16:10:28+00:00,2026-03-31T16:10:28+00:00
8d9150d7-258f-4a72-a0dd-4d469dfdcb48,24cef636-ef3b-49ce-ae2a-00036d695c17,PJ sem prazo determinado,2024-06-24,,350000,,,Encerrado,,,,,2026-03-31T16:10:28+00:00,2026-03-31T16:10:28+00:00
472ba964-87e5-4339-b3e8-3dbe85c886bf,cc4d38f5-f1b7-42ff-8e3a-e22015567f7d,PJ sem prazo determinado,2023-09-01,2024-04-24,350000,,,Encerrado,,,,,2026-03-31T16:10:28+00:00,2026-03-31T16:10:28+00:00
3906e7ba-b335-465a-b62f-19f188a6c372,69635779-34ff-4831-90cd-b45d37688cc2,PJ sem prazo determinado,2020-08-04,,1330000,,,Encerrado,,,,,2026-03-31T16:10:28+00:00,2026-03-31T16:10:28+00:00
40602c10-38c6-42f5-ac42-68369364c01c,40125ed8-7f41-4bfb-9a5f-1a8b752a45b9,PJ sem prazo determinado,2022-09-03,2023-01-24,300000,,,Encerrado,,,,,2026-03-31T16:10:28+00:00,2026-03-31T16:10:28+00:00
7b184a0d-c727-453a-854f-374a36458e56,feeebc20-1459-4e34-8ee0-62c0812d8ec3,PJ sem prazo determinado,2021-11-03,2022-04-11,441200,,,Encerrado,,,,,2026-03-31T16:10:28+00:00,2026-03-31T16:10:28+00:00
125bbff3-f098-4c2c-a6a6-65fdf4b46dca,1a678ee9-0148-46e6-b075-cf749847d5a9,PJ sem prazo determinado,2022-03-17,2023-12-26,500000,,,Encerrado,,,,,2026-03-31T16:10:28+00:00,2026-03-31T16:10:28+00:00
7c457310-56c0-4783-bfd5-879d9f66a084,9eae4a87-c98b-41a5-94f5-e07aa220b30c,PJ sem prazo determinado,2022-03-11,2022-09-14,1000000,,,Encerrado,,,,,2026-03-31T16:10:28+00:00,2026-03-31T16:10:28+00:00
7b45a6dc-ea1f-46b5-8a77-9266c17083f2,d3dd6b7c-5860-461c-9ff5-14866ca165fd,PJ sem prazo determinado,2024-07-16,,350000,,,Encerrado,,,,,2026-03-31T16:10:28+00:00,2026-03-31T16:10:28+00:00
32f8c0ed-776f-4f3c-8cde-636e2bba9a19,831a0e87-ca61-4b9d-9a4e-e47235639656,PJ sem prazo determinado,2022-11-09,2023-08-07,958000,,,Encerrado,,,,,2026-03-31T16:10:28+00:00,2026-03-31T16:10:28+00:00
929d24aa-5837-4dd0-9c69-34e9f33b6753,cded1840-4f60-4334-abbd-e51bbc5d3425,PJ sem prazo determinado,2020-07-20,2021-10-01,548480,,,Encerrado,,,,,2026-03-31T16:10:28+00:00,2026-03-31T16:10:28+00:00
f726ff62-4b32-4c40-816f-2a91cb31f453,d6b1b6d6-05d5-41f5-9f72-6009e5f1ac71,PJ sem prazo determinado,2020-03-01,2020-03-01,1125932,,,Encerrado,,,,,2026-03-31T16:10:28+00:00,2026-03-31T16:10:28+00:00
0e33e0e1-0795-4aed-b008-9001fe4faee7,99c50cd5-adc5-44ce-a32d-d0b37682a226,PJ sem prazo determinado,2018-08-01,2020-09-14,556400,,,Encerrado,,,,,2026-03-31T16:10:28+00:00,2026-03-31T16:10:28+00:00
0ab38509-51ed-406c-82c7-4eb9908fd938,664663e4-106e-4e23-9e75-1e91207e9ccd,Estágio,2023-05-24,,160000,,,Encerrado,,,,,2026-03-31T16:10:28+00:00,2026-03-31T16:10:28+00:00
a443a239-62d2-44f9-bf49-8b4c63b1524d,e44c5881-8a20-4df1-aa5f-3961c169c5c6,PJ sem prazo determinado,2024-04-22,,350000,,,Encerrado,,,,,2026-03-31T16:10:28+00:00,2026-03-31T16:10:28+00:00
63f71c12-cff6-4180-8e90-e83e9f18cb57,174346de-3584-4e69-8b14-93a5b2d328fd,PJ sem prazo determinado,2019-04-15,2023-07-04,611735,,,Encerrado,,,,,2026-03-31T16:10:28+00:00,2026-03-31T16:10:28+00:00
07bab00a-d52f-46e9-b02e-f0185a21716a,b3ae4502-8a3d-49d2-a61c-9507347592c0,PJ sem prazo determinado,2021-09-28,,0,,,Encerrado,,,,,2026-03-31T16:10:28+00:00,2026-03-31T16:10:28+00:00
0f9662f5-1d0c-4cf6-b586-e2833afcf7c5,41324ef3-9999-4deb-bd49-4c3ebce9960d,PJ sem prazo determinado,2022-01-03,2024-08-23,1200000,,,Encerrado,,,,,2026-03-31T16:10:28+00:00,2026-03-31T16:10:28+00:00
3afe3e04-b2ed-4f74-95cf-0fb9c0db7a51,cc9c032c-0252-4b2f-9dae-da98011551a8,PJ sem prazo determinado,2019-11-19,2021-12-17,1062200,,,Encerrado,,,,,2026-03-31T16:10:28+00:00,2026-03-31T16:10:28+00:00
a3030369-ef3c-419a-bd0f-4ad9cbc913dd,f99d3f64-9dce-4b4b-b4cf-3db3343492b3,PJ sem prazo determinado,2022-05-12,2023-12-27,650000,,,Encerrado,,,,,2026-03-31T16:10:28+00:00,2026-03-31T16:10:28+00:00
00bf9abc-f08a-4c93-b52d-fc1360735f85,7d440f01-5191-4453-9773-f8f5197d89d6,PJ sem prazo determinado,2020-07-20,,596001,,,Encerrado,,,,,2026-03-31T16:10:28+00:00,2026-03-31T16:10:28+00:00
cd26dec4-9578-46fc-9995-f724904b9b56,6362c430-d242-4a99-82f1-a41fee97b517,PJ sem prazo determinado,2019-08-26,,432900,,,Encerrado,,,,,2026-03-31T16:10:28+00:00,2026-03-31T16:10:28+00:00
b10fae7a-5625-48a7-9ed5-42caaff7a4ce,c03711b1-5564-4b77-9660-72ca9044e231,PJ sem prazo determinado,2022-09-12,,850000,,,Encerrado,,,,,2026-03-31T16:10:28+00:00,2026-03-31T16:10:28+00:00
0f1806d8-c0a2-42a6-b576-cc8aff913868,f40a7050-4631-4f16-9707-e6db44bd9130,PJ sem prazo determinado,2024-04-08,,900000,,,Encerrado,,,,,2026-03-31T16:10:28+00:00,2026-03-31T16:10:28+00:00
bf9ced89-628b-47d1-9a09-e4dba87c8f2f,d62f8ab4-4600-4a0f-aa7d-48c3fb580579,PJ sem prazo determinado,2022-08-15,,400000,,,Encerrado,,,,,2026-03-31T16:10:28+00:00,2026-03-31T16:10:28+00:00
bf0af82f-e1a8-47dc-b0c8-b0a93743b510,b419e09d-1296-479f-84c0-0adee88bed66,PJ sem prazo determinado,2023-12-26,2024-04-16,350000,,,Encerrado,,,,,2026-03-31T16:10:28+00:00,2026-03-31T16:10:28+00:00
93715059-7fee-4514-bf35-27f25117dd2a,c2b8673f-69a9-43d5-b624-c936fb20938f,PJ sem prazo determinado,2023-02-23,2023-06-16,450000,,,Encerrado,,,,,2026-03-31T16:10:28+00:00,2026-03-31T16:10:28+00:00
62c3d634-be4b-4461-97ae-cadc406a0570,e472cdba-2662-43b5-a375-11549f63c62c,PJ sem prazo determinado,2024-06-03,,250000,,,Encerrado,,,,,2026-03-31T16:10:28+00:00,2026-03-31T16:10:28+00:00
65d1af38-5fc4-4da8-aaf2-d8920e4f9433,cc399bc8-edcf-4efc-9160-572b25ecb654,PJ sem prazo determinado,2024-02-22,2024-05-20,250000,,,Encerrado,,,,,2026-03-31T16:10:28+00:00,2026-03-31T16:10:28+00:00
072a0659-ca43-4c8e-9392-aecec3c59137,ccbdf2cd-94fe-4974-be98-db97aa83fa59,PJ sem prazo determinado,2024-03-01,,250000,,,Encerrado,,,,,2026-03-31T16:10:28+00:00,2026-03-31T16:10:28+00:00
4270cd63-fccc-4788-964d-1dc49398a058,3ad9430c-2981-4018-b021-2689ea2b191c,PJ sem prazo determinado,2024-01-08,2024-01-19,250000,,,Encerrado,,,,,2026-03-31T16:10:28+00:00,2026-03-31T16:10:28+00:00
ba744672-2d34-4f6a-9a0c-244abe7929b5,d572bfb6-99df-45a1-abb5-7834991ce6bd,PJ sem prazo determinado,2022-06-06,,850000,,,Encerrado,,,,,2026-03-31T16:10:28+00:00,2026-03-31T16:10:28+00:00
83e2c2ce-5761-4603-be90-77a3d4d30d94,c7b6c2a1-e8ad-44cc-b320-afdf3b22c5d0,PJ sem prazo determinado,2020-01-01,,596001,,,Encerrado,,,,,2026-03-31T16:10:28+00:00,2026-03-31T16:10:28+00:00
e6c00271-9765-45f5-a5dc-7bdc351a1b6f,56590a18-0f86-4db1-8e9b-be4ff9d3f4e9,PJ sem prazo determinado,2024-04-25,,250000,,,Encerrado,,,,,2026-03-31T16:10:28+00:00,2026-03-31T16:10:28+00:00
09d71284-235d-441a-a63a-ef0033409e81,0adc3382-106d-4f63-a893-430ec55db041,PJ sem prazo determinado,2023-06-25,2023-12-26,350000,,,Encerrado,,,,,2026-03-31T16:10:28+00:00,2026-03-31T16:10:28+00:00
34187448-cc77-4e9d-bd22-d2531d89f2cc,a7419f66-1aca-44f0-8ab1-ecba774d355f,PJ sem prazo determinado,2020-02-03,,396900,,,Encerrado,,,,,2026-03-31T16:10:28+00:00,2026-03-31T16:10:28+00:00
8e522a0e-c0ff-49c2-836e-79b4f8032cf5,1df04616-6d7f-47c7-9548-c7bc4aed2d16,PJ sem prazo determinado,2023-08-31,,1400000,,,Encerrado,,,,,2026-03-31T16:10:28+00:00,2026-03-31T16:10:28+00:00
09162e58-11a3-4c8c-92dc-43559982285e,d276a9a4-177d-495b-9597-45b493b669e0,PJ sem prazo determinado,2023-08-07,,700000,,,Encerrado,,,,,2026-03-31T16:10:28+00:00,2026-03-31T16:10:28+00:00
247ada07-f700-41d8-9998-47c36c2528a5,9c3b8b3b-4048-4acb-9430-26e6bd274702,PJ sem prazo determinado,2023-09-29,2024-04-03,682500,,,Encerrado,,,,,2026-03-31T16:10:28+00:00,2026-03-31T16:10:28+00:00
631ad3c1-d9a2-4b73-93c1-26169c532dd9,3a125b85-47fb-4719-88d6-8854cb3cf6f1,PJ sem prazo determinado,2020-09-01,2024-10-11,1165000,,,Encerrado,,,,,2026-03-31T16:10:28+00:00,2026-03-31T16:10:28+00:00
729ee7d5-aeb9-4354-a79d-36090e6e5fb1,7d1d0325-6edc-4fd8-81f5-5070066238bc,PJ sem prazo determinado,2022-09-09,2024-02-02,735000,,,Encerrado,,,,,2026-03-31T16:10:28+00:00,2026-03-31T16:10:28+00:00
7a0cb21f-4f58-4036-bffb-8e2ed24fd7b7,673dd2a8-2bfd-4ac9-a54e-f439abef06a3,PJ sem prazo determinado,2023-03-20,2024-05-28,935384,,,Encerrado,,,,,2026-03-31T16:10:28+00:00,2026-03-31T16:10:28+00:00
2b50e6b5-3c61-45e1-9c53-1c805e21be05,4facbe77-e9dd-42b2-b955-fb8bfa9bdd15,PJ sem prazo determinado,2024-01-08,,350000,,,Encerrado,,,,,2026-03-31T16:10:28+00:00,2026-03-31T16:10:28+00:00
6d48370a-2ad1-4ed1-bd8a-204cb36b7665,56057cba-2a67-47ae-9947-170d2adb05d6,PJ sem prazo determinado,2024-02-19,,500000,,,Encerrado,,,,,2026-03-31T16:10:28+00:00,2026-03-31T16:10:28+00:00
e7ccf41d-b12c-4892-afcc-01c841aa54df,1815867a-4d49-4aa5-9328-a5b02ff6a483,PJ sem prazo determinado,2024-04-02,2024-05-17,350000,,,Encerrado,,,,,2026-03-31T16:10:28+00:00,2026-03-31T16:10:28+00:00
474877ab-9052-4deb-9bf2-e7d4f7830895,eeb23ed6-b2d9-4908-8ade-5b871f1b151d,PJ sem prazo determinado,2020-09-01,,1530000,,,Encerrado,,,,,2026-03-31T16:10:28+00:00,2026-03-31T16:10:28+00:00
b0813eda-e1fb-4af2-935e-92e6e97e0fa0,50399934-d2c6-40fe-ba10-a52dab469a70,PJ sem prazo determinado,2023-04-24,2024-10-31,870000,,,Encerrado,,,,,2026-03-31T16:10:28+00:00,2026-03-31T16:10:28+00:00
8cd44030-41d9-4ef1-add7-affe22490e0f,52f9099b-ace2-4953-9eb5-fb823948f8ef,PJ sem prazo determinado,2022-01-24,,700000,,,Encerrado,,,,,2026-03-31T16:10:28+00:00,2026-03-31T16:10:28+00:00
373a1592-f7b8-4b04-9a23-08274096ee22,8fdf9dfa-ad98-4fb2-9fdf-9eca6ef4c6a2,PJ sem prazo determinado,2023-03-01,,700000,,,Encerrado,,,,,2026-03-31T16:10:28+00:00,2026-03-31T16:10:28+00:00
a377546d-6544-4314-b5cd-49388789890d,5aa14636-6a13-42af-aeec-0dcf06dbe24c,PJ sem prazo determinado,2022-05-04,2022-09-14,1100000,,,Encerrado,,,,,2026-03-31T16:10:28+00:00,2026-03-31T16:10:28+00:00
c2d06375-1996-448e-84ba-bf0e5ec4afdf,49f44e12-368a-44ac-863b-6ee40bf9692d,PJ sem prazo determinado,2023-03-13,,1750000,,,Encerrado,,,,,2026-03-31T16:10:28+00:00,2026-03-31T16:10:28+00:00
cf9f02ec-3baf-440f-a2bf-6e66d79042ef,324a9cab-85ca-4992-9c58-1fb270d49994,PJ sem prazo determinado,2024-12-02,,650000,,,Encerrado,,,,,2026-03-31T16:10:28+00:00,2026-03-31T16:10:28+00:00
20982408-62f5-4209-8c5f-659fe44c19bf,58330443-4749-4cca-97ae-319d03ae57f7,Estágio,2024-12-09,,150000,,,Encerrado,,,,,2026-03-31T16:10:28+00:00,2026-03-31T16:10:28+00:00
814ebd28-56fd-4660-8b22-13cc53ac60be,c07306c1-3f2d-4386-b079-baf529912554,PJ sem prazo determinado,2025-01-06,2025-04-30,370000,,,Encerrado,,,,,2026-03-31T16:10:28+00:00,2026-03-31T16:10:28+00:00
8bca8080-5f72-4863-82f6-0036d99b34bf,6b3ba823-38bd-4ae7-96c2-d0b3d8b9bd12,PJ sem prazo determinado,2025-01-06,2026-01-14,370000,,,Encerrado,,,,,2026-03-31T16:10:28+00:00,2026-03-31T16:10:28+00:00
7281a975-3580-411f-9155-bb2d02e7d06b,e6dd2cfe-7d08-48b6-8b6b-ecb28bf0850a,PJ sem prazo determinado,2025-02-01,,708726,,,Encerrado,,,,,2026-03-31T16:10:28+00:00,2026-03-31T16:10:28+00:00
2f95e7b4-12da-4b8d-9437-e0bdd9bcc0fe,e6dd2cfe-7d08-48b6-8b6b-ecb28bf0850a,PJ sem prazo determinado,2025-02-01,2025-09-05,779600,,,Encerrado,,,,,2026-03-31T16:10:28+00:00,2026-03-31T16:10:28+00:00
07af5375-1d0b-457f-bfd1-357b98d58a18,324a9cab-85ca-4992-9c58-1fb270d49994,PJ sem prazo determinado,2025-02-01,2026-01-14,652582,,,Encerrado,,,,,2026-03-31T16:10:28+00:00,2026-03-31T16:10:28+00:00
c3776a02-c5f1-439f-b266-d666181efdcf,ccbdf2cd-94fe-4974-be98-db97aa83fa59,PJ sem prazo determinado,2025-02-01,,358630,,,Encerrado,,,,,2026-03-31T16:10:28+00:00,2026-03-31T16:10:28+00:00
45ba9001-f235-4983-8a02-2ca3f6c7d211,d42eee59-0612-4ebf-8935-898ce0b6e4aa,PJ sem prazo determinado,2025-02-01,,1168110,,,Encerrado,,,,,2026-03-31T16:10:28+00:00,2026-03-31T16:10:28+00:00
361a5ec8-201a-4f75-9b53-68b63c85e907,cb89f8de-a28c-435f-a3ad-c7487ce83012,PJ sem prazo determinado,2025-02-01,,993918,,,Encerrado,,,,,2026-03-31T16:10:28+00:00,2026-03-31T16:10:28+00:00
357ee597-d4e7-458d-a1ea-ea8242033267,54b4fbcd-2a63-45c5-bb6b-11e0b1431d4f,PJ sem prazo determinado,2025-02-01,,358630,,,Encerrado,,,,,2026-03-31T16:10:28+00:00,2026-03-31T16:10:28+00:00
87d87cfe-5c23-41aa-8937-6087d0d48cc1,fc83168a-60a4-45b8-af9b-82b7080c5a3d,PJ sem prazo determinado,2025-02-01,2025-06-13,1127123,,,Encerrado,,,,,2026-03-31T16:10:28+00:00,2026-03-31T16:10:28+00:00
31ce56d6-d48b-4f3c-a7ce-e9348477e0f5,c3c20e39-2b8d-4b7a-adab-874d5bb255ba,PJ sem prazo determinado,2025-02-01,2026-01-14,922192,,,Encerrado,,,,,2026-03-31T16:10:28+00:00,2026-03-31T16:10:28+00:00
c0b8c05e-e0ac-4f75-bb2c-c2350288e2fe,d3a04e1d-7a6d-4010-b8ee-99ad81ddcd05,PJ sem prazo determinado,2025-02-01,,819726,,,Encerrado,,,,,2026-03-31T16:10:28+00:00,2026-03-31T16:10:28+00:00
63934e0d-0168-4036-80ec-bdd9e67c82ba,6e3f0dd1-0763-4b73-9a6f-7f56c52308f0,PJ sem prazo determinado,2025-02-01,,922192,,,Encerrado,,,,,2026-03-31T16:10:28+00:00,2026-03-31T16:10:28+00:00
04f557e9-3370-4f9e-ac17-813d9b4e51df,610f4f4a-c6d4-4180-9c6f-8fe27bc3954c,PJ sem prazo determinado,2025-02-01,,584055,,,Encerrado,,,,,2026-03-31T16:10:28+00:00,2026-03-31T16:10:28+00:00
c41cd290-bc60-42b8-90fe-55dbd96d04bb,d357fbc5-f31a-4bcd-a973-0ae6e0bcb394,PJ sem prazo determinado,2025-02-01,2026-01-14,1009726,,,Encerrado,,,,,2026-03-31T16:10:28+00:00,2026-03-31T16:10:28+00:00
6b7acfb1-69f3-46b1-9d1e-cb0efc1481f6,a8b71b73-2e6c-49f7-9cfe-feac21007d84,PJ sem prazo determinado,2025-02-01,2026-01-14,614795,,,Encerrado,,,,,2026-03-31T16:10:28+00:00,2026-03-31T16:10:28+00:00
eefe787d-010b-4f6a-ad62-632d93a33e79,84efa434-e30f-448d-8e4a-066aa248e43f,PJ sem prazo determinado,2025-02-01,,570116,,,Encerrado,,,,,2026-03-31T16:10:28+00:00,2026-03-31T16:10:28+00:00
2490931f-3d29-4ff9-8a1b-8c88a04c206d,c22d11de-ed9d-42e2-8960-c201de5e958c,PJ sem prazo determinado,2025-02-01,2026-01-14,2437640,,,Encerrado,,,,,2026-03-31T16:10:28+00:00,2026-03-31T16:10:28+00:00
4fb4e4e7-72a4-4069-a755-3aa687cd31df,7bc0de5b-a59f-4a5b-98ff-6803dcf798dc,PJ sem prazo determinado,2025-02-01,,409863,,,Encerrado,,,,,2026-03-31T16:10:28+00:00,2026-03-31T16:10:28+00:00
3c30e9d4-dc13-4d52-b0ab-63801ca846e9,b8744668-0860-481e-b623-617a42bb38e9,PJ sem prazo determinado,2025-02-01,,307397,,,Encerrado,,,,,2026-03-31T16:10:28+00:00,2026-03-31T16:10:28+00:00
dc7c39f8-f039-445e-870b-9654c4b38da2,f3347fff-dd1b-418a-9494-ac56843b3c36,PJ sem prazo determinado,2025-02-01,2026-01-14,2407945,,,Encerrado,,,,,2026-03-31T16:10:28+00:00,2026-03-31T16:10:28+00:00
929db08e-72a0-43e8-adcf-19ce9ed33d73,461bb6f0-a909-4a6a-87ea-71c5095e1ff2,Sócio,2025-02-01,,2825445,,,Ativo,,,,,2026-03-31T16:10:28+00:00,2026-03-31T16:10:28+00:00
0b83b230-4489-48f5-84a9-8d9569543803,f3a11981-60f8-4a98-a874-b4486aa21021,PJ sem prazo determinado,2025-02-01,,1401182,,,Encerrado,,,,,2026-03-31T16:10:28+00:00,2026-03-31T16:10:28+00:00
5738169f-0503-46ee-bc13-b758c055ffc8,a46830b9-1551-4fd4-82d2-99c8b92bf0d8,PJ sem prazo determinado,2025-02-01,,260103,,,Encerrado,,,,,2026-03-31T16:10:28+00:00,2026-03-31T16:10:28+00:00
f4f47dee-f573-4548-a542-6597520dbd9a,24cef636-ef3b-49ce-ae2a-00036d695c17,PJ sem prazo determinado,2025-02-01,,358630,,,Encerrado,,,,,2026-03-31T16:10:28+00:00,2026-03-31T16:10:28+00:00
0ec0fcfd-e4da-4994-a296-38ea83cb14b8,69635779-34ff-4831-90cd-b45d37688cc2,PJ sem prazo determinado,2025-02-01,2026-01-14,2459178,,,Encerrado,,,,,2026-03-31T16:10:28+00:00,2026-03-31T16:10:28+00:00
1b3cad60-0f27-4487-94de-835cf2ebfaea,d3dd6b7c-5860-461c-9ff5-14866ca165fd,PJ sem prazo determinado,2025-02-01,,358630,,,Encerrado,,,,,2026-03-31T16:10:28+00:00,2026-03-31T16:10:28+00:00
2b9613bd-a82a-47ae-abcc-02a9d38a0480,664663e4-106e-4e23-9e75-1e91207e9ccd,PJ sem prazo determinado,2025-02-01,,409863,,,Encerrado,,,,,2026-03-31T16:10:28+00:00,2026-03-31T16:10:28+00:00
3530b350-3b2c-4d0c-bee0-a443d9210137,e44c5881-8a20-4df1-aa5f-3961c169c5c6,PJ sem prazo determinado,2025-02-01,2025-03-24,358630,,,Encerrado,,,,,2026-03-31T16:10:28+00:00,2026-03-31T16:10:28+00:00
f438bd9b-f9af-47b4-8c9d-4e8a687883bb,b3ae4502-8a3d-49d2-a61c-9507347592c0,PJ sem prazo determinado,2025-02-01,,1065644,,,Encerrado,,,,,2026-03-31T16:10:28+00:00,2026-03-31T16:10:28+00:00
5732f9a3-7db0-46f9-bf4c-cd9a0ec4e7be,c03711b1-5564-4b77-9660-72ca9044e231,PJ sem prazo determinado,2025-02-01,,958692,,,Encerrado,,,,,2026-03-31T16:10:28+00:00,2026-03-31T16:10:28+00:00
40a61160-e70b-41e1-b492-8eb10bbe68ce,f40a7050-4631-4f16-9707-e6db44bd9130,PJ sem prazo determinado,2025-02-01,,922192,,,Encerrado,,,,,2026-03-31T16:10:28+00:00,2026-03-31T16:10:28+00:00
cf426f5f-38f7-4bea-8ba7-978596f79ac0,d62f8ab4-4600-4a0f-aa7d-48c3fb580579,PJ sem prazo determinado,2025-02-01,,625041,,,Encerrado,,,,,2026-03-31T16:10:28+00:00,2026-03-31T16:10:28+00:00
f401200a-55d8-461c-a711-2a14260d7394,e472cdba-2662-43b5-a375-11549f63c62c,PJ sem prazo determinado,2025-02-01,2025-02-12,256164,,,Encerrado,,,,,2026-03-31T16:10:28+00:00,2026-03-31T16:10:28+00:00
7ae841fe-7325-46cd-a87a-298123e3d98e,d572bfb6-99df-45a1-abb5-7834991ce6bd,PJ sem prazo determinado,2025-02-01,2026-01-14,974507,,,Encerrado,,,,,2026-03-31T16:10:28+00:00,2026-03-31T16:10:28+00:00
895e8f65-8bc9-4cc6-b08d-ebf5fa3bd00d,56590a18-0f86-4db1-8e9b-be4ff9d3f4e9,PJ sem prazo determinado,2025-02-01,,258562,,,Encerrado,,,,,2026-03-31T16:10:28+00:00,2026-03-31T16:10:28+00:00
5d33267e-ebee-4350-8cd7-428e921b1202,a7419f66-1aca-44f0-8ab1-ecba774d355f,PJ sem prazo determinado,2025-02-01,2026-01-14,768493,,,Encerrado,,,,,2026-03-31T16:10:28+00:00,2026-03-31T16:10:28+00:00
d639b3c5-d510-4576-9d4d-2c7f67d5310c,1df04616-6d7f-47c7-9548-c7bc4aed2d16,PJ sem prazo determinado,2025-02-01,2025-02-28,1499602,,,Encerrado,,,,,2026-03-31T16:10:28+00:00,2026-03-31T16:10:28+00:00
30d571ff-77af-46a1-8496-086fef48c9b8,d276a9a4-177d-495b-9597-45b493b669e0,PJ sem prazo determinado,2025-02-01,,829973,,,Encerrado,,,,,2026-03-31T16:10:28+00:00,2026-03-31T16:10:28+00:00
829098e6-4365-474a-b3f6-d2c011aeba6c,4facbe77-e9dd-42b2-b955-fb8bfa9bdd15,PJ sem prazo determinado,2025-02-01,,358630,,,Encerrado,,,,,2026-03-31T16:10:28+00:00,2026-03-31T16:10:28+00:00
75653a63-03c7-4db8-949f-f09440d2089a,56057cba-2a67-47ae-9947-170d2adb05d6,PJ sem prazo determinado,2025-02-01,2025-03-24,614795,,,Encerrado,,,,,2026-03-31T16:10:28+00:00,2026-03-31T16:10:28+00:00
7ae360db-72a8-4e62-aa2a-982450daa393,52f9099b-ace2-4953-9eb5-fb823948f8ef,PJ sem prazo determinado,2025-02-01,2025-03-11,948150,,,Encerrado,,,,,2026-03-31T16:10:28+00:00,2026-03-31T16:10:28+00:00
6b8b34cc-85fa-44ce-9c7d-84cb40d91180,8fdf9dfa-ad98-4fb2-9fdf-9eca6ef4c6a2,PJ sem prazo determinado,2025-02-01,,870959,,,Encerrado,,,,,2026-03-31T16:10:28+00:00,2026-03-31T16:10:28+00:00
fde1c71a-2867-4612-8d50-1bb5a4941b70,54b4fbcd-2a63-45c5-bb6b-11e0b1431d4f,PJ sem prazo determinado,2025-02-01,,450000,,,Encerrado,,,,,2026-03-31T16:10:28+00:00,2026-03-31T16:10:28+00:00
a27e8329-a250-442a-ab64-7b3f5db83da8,d3a04e1d-7a6d-4010-b8ee-99ad81ddcd05,PJ sem prazo determinado,2025-02-01,,869726,,,Encerrado,,,,,2026-03-31T16:10:28+00:00,2026-03-31T16:10:28+00:00
a3c47874-c80c-4505-967f-2cd090a38258,610f4f4a-c6d4-4180-9c6f-8fe27bc3954c,PJ sem prazo determinado,2025-02-01,2026-01-14,670000,,,Encerrado,,,,,2026-03-31T16:10:28+00:00,2026-03-31T16:10:28+00:00
2b36bba6-6681-43cf-8754-eba95793e959,84efa434-e30f-448d-8e4a-066aa248e43f,PJ sem prazo determinado,2025-02-01,,627128,,,Encerrado,,,,,2026-03-31T16:10:28+00:00,2026-03-31T16:10:28+00:00
d0f8b6dd-982c-47e8-9123-1c0b2e0c4275,7bc0de5b-a59f-4a5b-98ff-6803dcf798dc,PJ sem prazo determinado,2025-02-01,,450000,,,Encerrado,,,,,2026-03-31T16:10:28+00:00,2026-03-31T16:10:28+00:00
800e4f05-43e8-4e20-bbcc-18677346d8f8,b8744668-0860-481e-b623-617a42bb38e9,PJ sem prazo determinado,2025-02-01,,338137,,,Encerrado,,,,,2026-03-31T16:10:28+00:00,2026-03-31T16:10:28+00:00
b3ca6d70-460b-4a97-9ef3-58bb2055b741,a46830b9-1551-4fd4-82d2-99c8b92bf0d8,PJ sem prazo determinado,2025-02-01,,286113,,,Encerrado,,,,,2026-03-31T16:10:28+00:00,2026-03-31T16:10:28+00:00
972bfaf2-abfb-46dd-98d0-113704e3dcfc,d3dd6b7c-5860-461c-9ff5-14866ca165fd,PJ sem prazo determinado,2025-02-01,,380000,,,Encerrado,,,,,2026-03-31T16:10:28+00:00,2026-03-31T16:10:28+00:00
f0043179-4e88-445b-881c-4835200bbe00,664663e4-106e-4e23-9e75-1e91207e9ccd,PJ sem prazo determinado,2025-02-01,2025-09-05,460000,,,Encerrado,,,,,2026-03-31T16:10:28+00:00,2026-03-31T16:10:28+00:00
ca943b02-3e76-4e46-a00d-90575137023f,b3ae4502-8a3d-49d2-a61c-9507347592c0,PJ sem prazo determinado,2025-02-01,,1100000,,,Encerrado,,,,,2026-03-31T16:10:28+00:00,2026-03-31T16:10:28+00:00
137625e5-3623-42d3-951a-b02bbdce15e1,c03711b1-5564-4b77-9660-72ca9044e231,PJ sem prazo determinado,2025-02-01,2026-01-14,1054561,,,Encerrado,,,,,2026-03-31T16:10:28+00:00,2026-03-31T16:10:28+00:00
dc07e714-1715-4bd2-a0a6-547f8bf97a99,ccbdf2cd-94fe-4974-be98-db97aa83fa59,PJ sem prazo determinado,2025-02-01,2026-01-14,380000,,,Encerrado,,,,,2026-03-31T16:10:28+00:00,2026-03-31T16:10:28+00:00
a50f428b-ce5d-46f6-87b2-c7c45759b164,56590a18-0f86-4db1-8e9b-be4ff9d3f4e9,PJ sem prazo determinado,2025-02-01,2025-03-24,297346,,,Encerrado,,,,,2026-03-31T16:10:28+00:00,2026-03-31T16:10:28+00:00
db7ed738-8c56-477a-8600-4f9d4a00bcab,d276a9a4-177d-495b-9597-45b493b669e0,PJ sem prazo determinado,2025-02-01,,892500,,,Encerrado,,,,,2026-03-31T16:10:28+00:00,2026-03-31T16:10:28+00:00
49c4ec8c-4ff9-4c75-814f-ed4c10999f4d,4facbe77-e9dd-42b2-b955-fb8bfa9bdd15,PJ sem prazo determinado,2025-02-01,2025-03-28,500000,,,Encerrado,,,,,2026-03-31T16:10:28+00:00,2026-03-31T16:10:28+00:00
c25491b2-7746-4e05-a1a2-b25ee440707b,8fdf9dfa-ad98-4fb2-9fdf-9eca6ef4c6a2,PJ sem prazo determinado,2025-02-01,,935000,,,Encerrado,,,,,2026-03-31T16:10:28+00:00,2026-03-31T16:10:28+00:00
87f67a9f-6803-4833-bdd7-34462f025448,49f44e12-368a-44ac-863b-6ee40bf9692d,PJ sem prazo determinado,2025-02-01,2025-05-31,3064750,,,Encerrado,,,,,2026-03-31T16:10:28+00:00,2026-03-31T16:10:28+00:00
a60d63d9-edb5-4118-b451-ae8c440599fa,664663e4-106e-4e23-9e75-1e91207e9ccd,PJ sem prazo determinado,2024-07-19,,400000,,,Encerrado,,,,,2026-03-31T16:10:28+00:00,2026-03-31T16:10:28+00:00
e97a6ef9-c3e7-44f8-abeb-0c10a95f4a5e,d42eee59-0612-4ebf-8935-898ce0b6e4aa,PJ sem prazo determinado,2022-04-18,,690000,,,Encerrado,,,,,2026-03-31T16:10:28+00:00,2026-03-31T16:10:28+00:00
fd043f1d-b915-46ee-8253-851ddf091a92,d42eee59-0612-4ebf-8935-898ce0b6e4aa,PJ sem prazo determinado,2022-07-18,,730000,,,Encerrado,,,,,2026-03-31T16:10:28+00:00,2026-03-31T16:10:28+00:00
9d94650b-17f7-4870-8eea-3cdebd0bf633,d42eee59-0612-4ebf-8935-898ce0b6e4aa,PJ sem prazo determinado,2023-08-31,,830000,,,Encerrado,,,,,2026-03-31T16:10:28+00:00,2026-03-31T16:10:28+00:00
224db59a-9a50-42ba-80a5-a3fbf8650e85,d42eee59-0612-4ebf-8935-898ce0b6e4aa,PJ sem prazo determinado,2024-02-16,,950000,,,Encerrado,,,,,2026-03-31T16:10:28+00:00,2026-03-31T16:10:28+00:00
4d4f856f-0d96-414f-93b2-5937eef26270,d42eee59-0612-4ebf-8935-898ce0b6e4aa,PJ sem prazo determinado,2024-08-01,,1140000,,,Encerrado,,,,,2026-03-31T16:10:28+00:00,2026-03-31T16:10:28+00:00
435408f2-bd00-44e3-b9a5-ab1e16887c71,cb89f8de-a28c-435f-a3ad-c7487ce83012,PJ sem prazo determinado,2024-02-01,,861000,,,Encerrado,,,,,2026-03-31T16:10:28+00:00,2026-03-31T16:10:28+00:00
bd6b4c93-e6ba-44d4-92fc-7e97753f9e76,cb89f8de-a28c-435f-a3ad-c7487ce83012,PJ sem prazo determinado,2022-04-18,,655000,,,Encerrado,,,,,2026-03-31T16:10:28+00:00,2026-03-31T16:10:28+00:00
c5f4e51a-fddf-42f2-9dda-662e29792543,cb89f8de-a28c-435f-a3ad-c7487ce83012,PJ sem prazo determinado,2024-08-01,,970000,,,Encerrado,,,,,2026-03-31T16:10:28+00:00,2026-03-31T16:10:28+00:00
168c240f-782e-44eb-b3f2-72b2e0d791f8,cb89f8de-a28c-435f-a3ad-c7487ce83012,PJ sem prazo determinado,2024-09-01,,820000,,,Encerrado,,,,,2026-03-31T16:10:28+00:00,2026-03-31T16:10:28+00:00
7112087a-2e5f-49f9-8b3e-93fc09c669e1,54b4fbcd-2a63-45c5-bb6b-11e0b1431d4f,PJ sem prazo determinado,2024-01-19,,305466,,,Encerrado,,,,,2026-03-31T16:10:28+00:00,2026-03-31T16:10:28+00:00
8151226e-74de-4750-88b1-926d93a5e600,54b4fbcd-2a63-45c5-bb6b-11e0b1431d4f,PJ sem prazo determinado,2024-08-01,,350000,,,Encerrado,,,,,2026-03-31T16:10:28+00:00,2026-03-31T16:10:28+00:00
f325ba6d-b6af-4ca7-9dab-6685f9cbd54f,fc83168a-60a4-45b8-af9b-82b7080c5a3d,PJ sem prazo determinado,2023-08-31,,650000,,,Encerrado,,,,,2026-03-31T16:10:28+00:00,2026-03-31T16:10:28+00:00
9341ff91-4d0c-471e-8073-88fea33b3a71,fc83168a-60a4-45b8-af9b-82b7080c5a3d,PJ sem prazo determinado,2024-02-16,,710000,,,Encerrado,,,,,2026-03-31T16:10:28+00:00,2026-03-31T16:10:28+00:00
34cca956-8c33-45a2-9e16-962e1533500b,d3a04e1d-7a6d-4010-b8ee-99ad81ddcd05,PJ sem prazo determinado,2024-01-19,,724500,,,Encerrado,,,,,2026-03-31T16:10:28+00:00,2026-03-31T16:10:28+00:00
57fb1983-2c10-4bbe-992d-eff051a89f33,d3a04e1d-7a6d-4010-b8ee-99ad81ddcd05,PJ sem prazo determinado,2024-08-01,,800000,,,Encerrado,,,,,2026-03-31T16:10:28+00:00,2026-03-31T16:10:28+00:00
01cce265-d9a7-4349-badf-e4983722a476,6e3f0dd1-0763-4b73-9a6f-7f56c52308f0,PJ sem prazo determinado,2022-08-02,,600000,,,Encerrado,,,,,2026-03-31T16:10:28+00:00,2026-03-31T16:10:28+00:00
3815a624-2e63-4126-811e-1fac646d810e,6e3f0dd1-0763-4b73-9a6f-7f56c52308f0,PJ sem prazo determinado,2023-08-31,,700000,,,Encerrado,,,,,2026-03-31T16:10:28+00:00,2026-03-31T16:10:28+00:00
aee78af2-5f6e-4944-a7ff-44c59fed6d9a,6e3f0dd1-0763-4b73-9a6f-7f56c52308f0,PJ sem prazo determinado,2024-01-18,,735000,,,Encerrado,,,,,2026-03-31T16:10:28+00:00,2026-03-31T16:10:28+00:00
7dd8e1cd-71fc-43e8-a4d2-3c580a53487c,6e3f0dd1-0763-4b73-9a6f-7f56c52308f0,PJ sem prazo determinado,2024-08-02,,900000,,,Encerrado,,,,,2026-03-31T16:10:28+00:00,2026-03-31T16:10:28+00:00
8c28326b-c0a1-463a-9303-20a1b0d238ca,610f4f4a-c6d4-4180-9c6f-8fe27bc3954c,PJ sem prazo determinado,2023-08-31,,390000,,,Encerrado,,,,,2026-03-31T16:10:28+00:00,2026-03-31T16:10:28+00:00
c314d68c-222e-42c5-8f52-08863599f7b2,610f4f4a-c6d4-4180-9c6f-8fe27bc3954c,PJ sem prazo determinado,2024-02-18,,450000,,,Encerrado,,,,,2026-03-31T16:10:28+00:00,2026-03-31T16:10:28+00:00
02e9ecc1-4811-497a-95e6-7465667551e4,610f4f4a-c6d4-4180-9c6f-8fe27bc3954c,PJ sem prazo determinado,2024-08-01,,570000,,,Encerrado,,,,,2026-03-31T16:10:28+00:00,2026-03-31T16:10:28+00:00
e13da8b6-ffe1-431b-b225-6838e4b59cdc,a8b71b73-2e6c-49f7-9cfe-feac21007d84,PJ sem prazo determinado,2022-07-29,,450000,,,Encerrado,,,,,2026-03-31T16:10:28+00:00,2026-03-31T16:10:28+00:00
d890428d-8f33-45b3-ba96-d9e2fe0d8eda,a8b71b73-2e6c-49f7-9cfe-feac21007d84,PJ sem prazo determinado,2024-01-19,,525000,,,Encerrado,,,,,2026-03-31T16:10:28+00:00,2026-03-31T16:10:28+00:00
1de98e72-2356-414e-b033-eecce0524f94,a8b71b73-2e6c-49f7-9cfe-feac21007d84,PJ sem prazo determinado,2024-08-01,,600000,,,Encerrado,,,,,2026-03-31T16:10:28+00:00,2026-03-31T16:10:28+00:00
423c855f-c097-4a02-81ba-14b2c9b55e79,c22d11de-ed9d-42e2-8960-c201de5e958c,PJ sem prazo determinado,2024-01-19,,2321562,,,Encerrado,,,,,2026-03-31T16:10:28+00:00,2026-03-31T16:10:28+00:00
3aa9ef8c-3ad2-4ce7-83e5-1a8e8f957889,f3347fff-dd1b-418a-9494-ac56843b3c36,PJ sem prazo determinado,2024-01-19,,2185951,,,Encerrado,,,,,2026-03-31T16:10:28+00:00,2026-03-31T16:10:28+00:00
eb31ce22-f524-44e6-85a4-c8d0efba2656,f3347fff-dd1b-418a-9494-ac56843b3c36,PJ sem prazo determinado,2024-08-01,,2350000,,,Encerrado,,,,,2026-03-31T16:10:28+00:00,2026-03-31T16:10:28+00:00
8be72f81-5a23-42f9-9c73-5ee8e54e2d3a,f3a11981-60f8-4a98-a874-b4486aa21021,PJ sem prazo determinado,2024-08-14,,1100000,,,Encerrado,,,,,2026-03-31T16:10:28+00:00,2026-03-31T16:10:28+00:00
33975044-4105-418c-89dc-806759fe895b,69635779-34ff-4831-90cd-b45d37688cc2,PJ sem prazo determinado,2024-01-18,,2247000,,,Encerrado,,,,,2026-03-31T16:10:28+00:00,2026-03-31T16:10:28+00:00
84abccc9-500f-4156-970a-e89dd741672e,69635779-34ff-4831-90cd-b45d37688cc2,PJ sem prazo determinado,2022-01-18,,2000000,,,Encerrado,,,,,2026-03-31T16:10:28+00:00,2026-03-31T16:10:28+00:00
1f5ce9e1-4ac3-446f-8b98-2ee86bb04b94,69635779-34ff-4831-90cd-b45d37688cc2,PJ sem prazo determinado,2023-01-18,,2140000,,,Encerrado,,,,,2026-03-31T16:10:28+00:00,2026-03-31T16:10:28+00:00
986330f0-467d-459e-82f6-ad626b982019,69635779-34ff-4831-90cd-b45d37688cc2,PJ sem prazo determinado,2024-08-29,,2400000,,,Encerrado,,,,,2026-03-31T16:10:28+00:00,2026-03-31T16:10:28+00:00
d785e5d5-d49f-45fb-a2bd-b2615596bf30,b3ae4502-8a3d-49d2-a61c-9507347592c0,PJ sem prazo determinado,2022-09-26,,0,,,Encerrado,,,,,2026-03-31T16:10:28+00:00,2026-03-31T16:10:28+00:00
92817741-050f-467b-89ad-66a643963757,b3ae4502-8a3d-49d2-a61c-9507347592c0,PJ sem prazo determinado,2023-02-02,,713800,,,Encerrado,,,,,2026-03-31T16:10:28+00:00,2026-03-31T16:10:28+00:00
360d1ba6-074d-4419-8d58-6654bf904a92,b3ae4502-8a3d-49d2-a61c-9507347592c0,PJ sem prazo determinado,2024-01-18,,787500,,,Encerrado,,,,,2026-03-31T16:10:28+00:00,2026-03-31T16:10:28+00:00
f106f9ab-3bd5-47ad-99d4-3c3afd2c78d0,b3ae4502-8a3d-49d2-a61c-9507347592c0,PJ sem prazo determinado,2024-02-19,,875000,,,Encerrado,,,,,2026-03-31T16:10:28+00:00,2026-03-31T16:10:28+00:00
3d3ace34-bb00-41a0-9f11-04edeaad3e09,b3ae4502-8a3d-49d2-a61c-9507347592c0,PJ sem prazo determinado,2024-08-01,,1040000,,,Encerrado,,,,,2026-03-31T16:10:28+00:00,2026-03-31T16:10:28+00:00
22c857d3-4a72-4c5f-97e4-1c1aa22d2a18,c03711b1-5564-4b77-9660-72ca9044e231,PJ sem prazo determinado,2024-01-14,,913040,,,Encerrado,,,,,2026-03-31T16:10:28+00:00,2026-03-31T16:10:28+00:00
7866318e-88e1-4d05-b41b-0a931d549c83,c03711b1-5564-4b77-9660-72ca9044e231,PJ sem prazo determinado,2024-08-16,,913040,,,Encerrado,,,,,2026-03-31T16:10:28+00:00,2026-03-31T16:10:28+00:00
aa000888-487e-4b67-9a63-26cd5bd26472,c03711b1-5564-4b77-9660-72ca9044e231,PJ sem prazo determinado,2024-06-03,,913040,,,Encerrado,,,,,2026-03-31T16:10:28+00:00,2026-03-31T16:10:28+00:00
99cc54bb-5931-4898-9061-abacd58cfb06,d62f8ab4-4600-4a0f-aa7d-48c3fb580579,PJ sem prazo determinado,2023-01-31,,465500,,,Encerrado,,,,,2026-03-31T16:10:28+00:00,2026-03-31T16:10:28+00:00
1063947a-9e8a-4e47-a06b-11bb0a16f787,d62f8ab4-4600-4a0f-aa7d-48c3fb580579,PJ sem prazo determinado,2023-08-30,,540000,,,Encerrado,,,,,2026-03-31T16:10:28+00:00,2026-03-31T16:10:28+00:00
646dfd73-8e8d-485d-a2ce-b20c6293589a,d62f8ab4-4600-4a0f-aa7d-48c3fb580579,PJ sem prazo determinado,2024-01-19,,567000,,,Encerrado,,,,,2026-03-31T16:10:28+00:00,2026-03-31T16:10:28+00:00
90e342b4-606b-4ebb-9253-c3cacfaaaa3e,d62f8ab4-4600-4a0f-aa7d-48c3fb580579,PJ sem prazo determinado,2024-08-30,,610000,,,Encerrado,,,,,2026-03-31T16:10:28+00:00,2026-03-31T16:10:28+00:00
0e1ef1cf-9532-405a-9f30-aebfc76b429d,01cd14e4-83dc-4016-8dbc-3f21dd9d5c31,PJ sem prazo determinado,2025-02-19,,550000,,,Encerrado,,,,,2026-03-31T16:10:28+00:00,2026-03-31T16:10:28+00:00
142f0f03-bbe8-4d82-b65c-81cdda1a9a55,ccbdf2cd-94fe-4974-be98-db97aa83fa59,PJ sem prazo determinado,2024-05-21,,350000,,,Encerrado,,,,,2026-03-31T16:10:28+00:00,2026-03-31T16:10:28+00:00
35768565-b792-4d16-9cb7-c894aaad0c26,d572bfb6-99df-45a1-abb5-7834991ce6bd,PJ sem prazo determinado,2023-01-18,,883900,,,Encerrado,,,,,2026-03-31T16:10:28+00:00,2026-03-31T16:10:28+00:00
891541e3-0f7d-4e56-924a-822def78d8a0,d572bfb6-99df-45a1-abb5-7834991ce6bd,PJ sem prazo determinado,2024-01-19,,928100,,,Encerrado,,,,,2026-03-31T16:10:28+00:00,2026-03-31T16:10:28+00:00
87c8bafd-fa6a-4b5e-b14e-f359ac7c38a6,d572bfb6-99df-45a1-abb5-7834991ce6bd,PJ sem prazo determinado,2024-08-23,,928100,,,Encerrado,,,,,2026-03-31T16:10:28+00:00,2026-03-31T16:10:28+00:00
d0bff290-409b-4c4c-91b4-cc5527a1bbc7,d572bfb6-99df-45a1-abb5-7834991ce6bd,PJ sem prazo determinado,2024-05-30,,928100,,,Encerrado,,,,,2026-03-31T16:10:28+00:00,2026-03-31T16:10:28+00:00
db2bf28f-6d74-4ee6-ae3f-3a217d2252c5,a7419f66-1aca-44f0-8ab1-ecba774d355f,PJ sem prazo determinado,2022-04-18,,505683,,,Encerrado,,,,,2026-03-31T16:10:28+00:00,2026-03-31T16:10:28+00:00
d39ac111-2f34-4884-86d1-c7a8f737d851,a7419f66-1aca-44f0-8ab1-ecba774d355f,PJ sem prazo determinado,2023-01-19,,588500,,,Encerrado,,,,,2026-03-31T16:10:28+00:00,2026-03-31T16:10:28+00:00
695657a3-0cd5-40a3-94de-4f2c1cb503d6,a7419f66-1aca-44f0-8ab1-ecba774d355f,PJ sem prazo determinado,2023-08-31,,640000,,,Encerrado,,,,,2026-03-31T16:10:28+00:00,2026-03-31T16:10:28+00:00
106ea498-0d2a-4b30-b88e-8df211320c79,a7419f66-1aca-44f0-8ab1-ecba774d355f,PJ sem prazo determinado,2024-01-19,,672000,,,Encerrado,,,,,2026-03-31T16:10:28+00:00,2026-03-31T16:10:28+00:00
3fd4986d-a5f1-49e2-87f7-b22b987bc4b7,a7419f66-1aca-44f0-8ab1-ecba774d355f,PJ sem prazo determinado,2024-08-29,,750000,,,Encerrado,,,,,2026-03-31T16:10:28+00:00,2026-03-31T16:10:28+00:00
ce344594-4f20-4e90-8156-eb16eb2099f4,b0044afa-e736-4425-8df4-0a4d4a5cba29,PJ sem prazo determinado,2025-03-06,,1600000,,,Encerrado,,,,,2026-03-31T16:10:28+00:00,2026-03-31T16:10:28+00:00
04150304-8a63-4f4e-a488-28bb1aa6f305,1df04616-6d7f-47c7-9548-c7bc4aed2d16,PJ sem prazo determinado,2024-05-28,,1428192,,,Encerrado,,,,,2026-03-31T16:10:28+00:00,2026-03-31T16:10:28+00:00
616bdd52-673d-43f7-90d3-755a461e5790,1df04616-6d7f-47c7-9548-c7bc4aed2d16,PJ sem prazo determinado,2024-01-19,,1428192,,,Encerrado,,,,,2026-03-31T16:10:28+00:00,2026-03-31T16:10:28+00:00
9952edc9-c8a3-458e-8399-78b7770d104b,1df04616-6d7f-47c7-9548-c7bc4aed2d16,PJ sem prazo determinado,2024-08-17,,1428192,,,Encerrado,,,,,2026-03-31T16:10:28+00:00,2026-03-31T16:10:28+00:00
4761133c-66f8-4e3f-8ce1-11cb317ca16d,d276a9a4-177d-495b-9597-45b493b669e0,PJ sem prazo determinado,2023-08-30,,730000,,,Encerrado,,,,,2026-03-31T16:10:28+00:00,2026-03-31T16:10:28+00:00
3e98b8ae-07d7-4dbe-9387-62ff8756a4be,d276a9a4-177d-495b-9597-45b493b669e0,PJ sem prazo determinado,2024-01-19,,714096,,,Encerrado,,,,,2026-03-31T16:10:28+00:00,2026-03-31T16:10:28+00:00
b891a8b1-80bf-4539-a530-8f1b6a007e06,d276a9a4-177d-495b-9597-45b493b669e0,PJ sem prazo determinado,2024-08-30,,810000,,,Encerrado,,,,,2026-03-31T16:10:28+00:00,2026-03-31T16:10:28+00:00
623e314d-5033-423a-a5af-76ebf05b254e,4facbe77-e9dd-42b2-b955-fb8bfa9bdd15,Estágio,2024-01-08,,150000,,,Encerrado,,,,,2026-03-31T16:10:28+00:00,2026-03-31T16:10:28+00:00
b8a36844-641c-4cdd-9585-c30770e82104,56057cba-2a67-47ae-9947-170d2adb05d6,PJ sem prazo determinado,2024-08-30,,600000,,,Encerrado,,,,,2026-03-31T16:10:28+00:00,2026-03-31T16:10:28+00:00
f11f80fc-bb4a-467b-8218-fc7a1335ee90,52f9099b-ace2-4953-9eb5-fb823948f8ef,PJ sem prazo determinado,2023-01-19,,749000,,,Encerrado,,,,,2026-03-31T16:10:28+00:00,2026-03-31T16:10:28+00:00
ff15f249-d8c1-4d41-ba62-8c1f22cb25a9,52f9099b-ace2-4953-9eb5-fb823948f8ef,PJ sem prazo determinado,2023-08-24,,810000,,,Encerrado,,,,,2026-03-31T16:10:28+00:00,2026-03-31T16:10:28+00:00
d9e07194-5972-4f08-8baf-3a905a89e98b,52f9099b-ace2-4953-9eb5-fb823948f8ef,PJ sem prazo determinado,2024-01-19,,903000,,,Encerrado,,,,,2026-03-31T16:10:28+00:00,2026-03-31T16:10:28+00:00
7d79f7d7-1437-46a9-826b-a3ba7dcd73ca,8fdf9dfa-ad98-4fb2-9fdf-9eca6ef4c6a2,PJ sem prazo determinado,2024-01-19,,729342,,,Encerrado,,,,,2026-03-31T16:10:28+00:00,2026-03-31T16:10:28+00:00
000c9146-2d01-469c-a53d-6f1aaf2c9ab1,8fdf9dfa-ad98-4fb2-9fdf-9eca6ef4c6a2,PJ sem prazo determinado,2024-02-17,,770000,,,Encerrado,,,,,2026-03-31T16:10:28+00:00,2026-03-31T16:10:28+00:00
11044d59-6838-4a41-8767-24f6402ea709,8fdf9dfa-ad98-4fb2-9fdf-9eca6ef4c6a2,PJ sem prazo determinado,2024-08-30,,850000,,,Encerrado,,,,,2026-03-31T16:10:28+00:00,2026-03-31T16:10:28+00:00
90da0483-7e53-44b5-9d73-25e68221fb3f,49f44e12-368a-44ac-863b-6ee40bf9692d,PJ sem prazo determinado,2024-01-19,,1820479,,,Encerrado,,,,,2026-03-31T16:10:28+00:00,2026-03-31T16:10:28+00:00
fe3d7395-2710-4541-9eea-e27e972b380e,49f44e12-368a-44ac-863b-6ee40bf9692d,PJ sem prazo determinado,2024-02-19,,1900000,,,Encerrado,,,,,2026-03-31T16:10:28+00:00,2026-03-31T16:10:28+00:00
d12119c0-2af0-474e-8848-c468bb2030c3,49f44e12-368a-44ac-863b-6ee40bf9692d,PJ sem prazo determinado,2024-08-30,,2600000,,,Encerrado,,,,,2026-03-31T16:10:28+00:00,2026-03-31T16:10:28+00:00
9c0007ad-ac30-47bd-aab5-26f4ef83a4f8,b8744668-0860-481e-b623-617a42bb38e9,PJ sem prazo determinado,2025-04-01,2026-01-14,380000,,,Encerrado,,,,,2026-03-31T16:10:28+00:00,2026-03-31T16:10:28+00:00
cfb93183-2395-4f3b-aa8f-0b6073ccd644,7bc0de5b-a59f-4a5b-98ff-6803dcf798dc,PJ sem prazo determinado,2025-04-01,2026-01-14,540000,,,Encerrado,,,,,2026-03-31T16:10:28+00:00,2026-03-31T16:10:28+00:00
91ed7305-ca1e-43a6-ad32-5af5e400b74f,a46830b9-1551-4fd4-82d2-99c8b92bf0d8,PJ sem prazo determinado,2025-04-01,2026-01-14,300000,,,Encerrado,,,,,2026-03-31T16:10:28+00:00,2026-03-31T16:10:28+00:00
75e3e66a-8c48-4ae4-9203-7818cac3585d,fcc3bdb0-f9b2-4a50-873f-8d40c1935f18,PJ sem prazo determinado,2025-04-22,2026-01-14,900000,,,Encerrado,,,,,2026-03-31T16:10:28+00:00,2026-03-31T16:10:28+00:00
dd4bc68d-663f-48d6-9221-fb1842de7206,54b4fbcd-2a63-45c5-bb6b-11e0b1431d4f,PJ sem prazo determinado,2025-05-01,2026-01-14,517500,,,Encerrado,,,,,2026-03-31T16:10:28+00:00,2026-03-31T16:10:28+00:00
4d7fce5c-48b7-4191-bf33-a3547ee077e6,b45aa390-8c63-4fd5-a29b-05189bdecd96,PJ sem prazo determinado,2025-05-19,2026-01-14,800000,,,Encerrado,,,,,2026-03-31T16:10:28+00:00,2026-03-31T16:10:28+00:00
02d73bad-5ee0-4002-a825-805c16f4f3b1,d276a9a4-177d-495b-9597-45b493b669e0,PJ sem prazo determinado,2025-07-01,2026-01-14,1100000,,,Encerrado,,,,,2026-03-31T16:10:28+00:00,2026-03-31T16:10:28+00:00
ac5e492e-8a8c-461e-88a1-079d01bb1127,cb89f8de-a28c-435f-a3ad-c7487ce83012,PJ sem prazo determinado,2025-08-01,2026-01-14,1020000,,,Encerrado,,,,,2026-03-31T16:10:28+00:00,2026-03-31T16:10:28+00:00
d7fb7e41-8dfc-4423-8798-60000b5f9b2e,d3a04e1d-7a6d-4010-b8ee-99ad81ddcd05,PJ sem prazo determinado,2025-08-01,2026-01-14,900000,,,Encerrado,,,,,2026-03-31T16:10:28+00:00,2026-03-31T16:10:28+00:00
2183bc4e-7a8b-4b41-b893-e40b1f5d4f43,f40a7050-4631-4f16-9707-e6db44bd9130,PJ sem prazo determinado,2025-08-01,2026-01-14,972100,,,Encerrado,,,,,2026-03-31T16:10:28+00:00,2026-03-31T16:10:28+00:00
c0fe03c1-d100-4d53-a3aa-cd2fa59ebfda,b0044afa-e736-4425-8df4-0a4d4a5cba29,PJ sem prazo determinado,2025-08-01,2026-01-14,1700000,,,Encerrado,,,,,2026-03-31T16:10:28+00:00,2026-03-31T16:10:28+00:00
794be818-7ba4-4c78-92d9-3ca1843f78b5,6e3f0dd1-0763-4b73-9a6f-7f56c52308f0,PJ sem prazo determinado,2025-08-01,2026-01-14,1100000,,,Encerrado,,,,,2026-03-31T16:10:28+00:00,2026-03-31T16:10:28+00:00
4c614890-3212-4e63-b58d-7f459d5d9e51,f3a11981-60f8-4a98-a874-b4486aa21021,PJ sem prazo determinado,2025-08-01,2026-01-14,1500000,,,Encerrado,,,,,2026-03-31T16:10:28+00:00,2026-03-31T16:10:28+00:00
11d07752-0000-498c-859d-a249a69a853a,84efa434-e30f-448d-8e4a-066aa248e43f,PJ sem prazo determinado,2025-08-01,2026-01-14,700000,,,Encerrado,,,,,2026-03-31T16:10:28+00:00,2026-03-31T16:10:28+00:00
79312fc2-daa7-42d8-80cb-7b8aaed58e35,d42eee59-0612-4ebf-8935-898ce0b6e4aa,PJ sem prazo determinado,2025-08-01,2025-09-01,1350000,,,Encerrado,,,,,2026-03-31T16:10:28+00:00,2026-03-31T16:10:28+00:00
2f22f3f0-8df4-4ccf-ab93-6ec5ab0753ab,b3ae4502-8a3d-49d2-a61c-9507347592c0,PJ sem prazo determinado,2024-08-01,2026-01-14,1350000,,,Encerrado,,,,,2026-03-31T16:10:28+00:00,2026-03-31T16:10:28+00:00
6fbd5c7f-a482-4851-a521-c879a0909a1d,d3dd6b7c-5860-461c-9ff5-14866ca165fd,PJ sem prazo determinado,2025-08-01,2026-01-14,520000,,,Encerrado,,,,,2026-03-31T16:10:28+00:00,2026-03-31T16:10:28+00:00
963f6a75-8144-4ccc-907b-2f4ceacecd44,24cef636-ef3b-49ce-ae2a-00036d695c17,PJ sem prazo determinado,2025-08-01,2026-01-14,410000,,,Encerrado,,,,,2026-03-31T16:10:28+00:00,2026-03-31T16:10:28+00:00
a06acaff-e728-45ee-94e2-123da1eecf00,01cd14e4-83dc-4016-8dbc-3f21dd9d5c31,PJ sem prazo determinado,2025-08-01,,610000,,,Encerrado,,,,,2026-03-31T16:10:28+00:00,2026-03-31T16:10:28+00:00
985cb53d-1e65-4a0d-a04d-a91778ece774,d62f8ab4-4600-4a0f-aa7d-48c3fb580579,PJ sem prazo determinado,2025-08-01,2026-01-14,670000,,,Encerrado,,,,,2026-03-31T16:10:28+00:00,2026-03-31T16:10:28+00:00
619f417c-1b50-4f0b-80db-bf93a304ecf4,8fdf9dfa-ad98-4fb2-9fdf-9eca6ef4c6a2,PJ sem prazo determinado,2025-08-19,2026-01-14,970000,,,Encerrado,,,,,2026-03-31T16:10:28+00:00,2026-03-31T16:10:28+00:00
68f5def4-1c2b-4448-839a-4cef83d574c9,9fbc0f93-1b30-4a4c-b469-6f7529bb8c7d,PJ sem prazo determinado,2025-09-02,,900000,,,Ativo,,,,,2026-03-31T16:10:28+00:00,2026-03-31T16:10:28+00:00
ca35dc39-0535-436a-988c-119c6b69965c,01cd14e4-83dc-4016-8dbc-3f21dd9d5c31,PJ sem prazo determinado,2025-09-02,,0,,,Encerrado,,,,,2026-03-31T16:10:28+00:00,2026-03-31T16:10:28+00:00
569f32d8-6ba6-40ac-b89e-cf726534cffa,01cd14e4-83dc-4016-8dbc-3f21dd9d5c31,PJ sem prazo determinado,2025-12-01,2026-01-30,305000,,,Encerrado,,,,,2026-03-31T16:10:28+00:00,2026-03-31T16:10:28+00:00
a2c7e611-6de7-4559-b559-cd6cb278b671,59c5972c-77ee-4983-b00a-c4286ef4fc13,Estágio,2025-12-03,,,,,Ativo,,,,,2026-03-31T16:10:28+00:00,2026-03-31T16:10:28+00:00
ca67ea65-8b47-4a52-9dc9-161894f0de44,168f808a-aae3-4171-bb65-53ad75336e31,PJ sem prazo determinado,2026-01-12,,750000,,,Ativo,,,,,2026-03-31T16:10:28+00:00,2026-03-31T16:10:28+00:00
3c640d12-8539-43bc-8bd4-b6fb9f79b9ad,cb89f8de-a28c-435f-a3ad-c7487ce83012,PJ sem prazo determinado,2026-01-14,2026-03-17,1063452,,,Encerrado,,,,,2026-03-31T16:10:28+00:00,2026-03-31T16:10:28+00:00
a0990e57-877d-463c-9297-74060be69eec,324a9cab-85ca-4992-9c58-1fb270d49994,PJ sem prazo determinado,2026-01-14,2026-03-26,674982,,,Encerrado,,,,,2026-03-31T16:10:28+00:00,2026-03-31T16:10:28+00:00
47a3f264-3604-4fa0-bbb3-7a267808a977,6b3ba823-38bd-4ae7-96c2-d0b3d8b9bd12,PJ sem prazo determinado,2026-01-14,2026-03-26,437800,,,Encerrado,,,,,2026-03-31T16:10:28+00:00,2026-03-31T16:10:28+00:00
2703ce52-a22d-4d81-8a5d-927e51f2eabc,c3c20e39-2b8d-4b7a-adab-874d5bb255ba,PJ sem prazo determinado,2026-01-14,2026-03-25,961477,,,Encerrado,,,,,2026-03-31T16:10:28+00:00,2026-03-31T16:10:28+00:00
2b915600-7b31-4e43-9bdb-25ccae9396d9,d357fbc5-f31a-4bcd-a973-0ae6e0bcb394,PJ sem prazo determinado,2026-01-14,2026-03-26,1052740,,,Encerrado,,,,,2026-03-31T16:10:28+00:00,2026-03-31T16:10:28+00:00
7ca5d366-2987-4031-9d51-289e0047a9f1,a8b71b73-2e6c-49f7-9cfe-feac21007d84,PJ sem prazo determinado,2026-01-14,,640985,,,Ativo,,,,,2026-03-31T16:10:28+00:00,2026-03-31T16:10:28+00:00
0eb5471e-4696-46bc-9d09-b7eff83ed36f,c22d11de-ed9d-42e2-8960-c201de5e958c,PJ sem prazo determinado,2026-01-14,,2541483,,,Ativo,,,,,2026-03-31T16:10:28+00:00,2026-03-31T16:10:28+00:00
316b8312-4cd0-4a72-9741-1ddba939e5b9,f3347fff-dd1b-418a-9494-ac56843b3c36,PJ sem prazo determinado,2026-01-14,,2510523,,,Ativo,,,,,2026-03-31T16:10:28+00:00,2026-03-31T16:10:28+00:00
70991b1b-f614-4b7c-b0ac-129455caf5a0,69635779-34ff-4831-90cd-b45d37688cc2,PJ sem prazo determinado,2026-01-14,,2563938,,,Ativo,,,,,2026-03-31T16:10:28+00:00,2026-03-31T16:10:28+00:00
4e0211da-e7aa-4e05-ba32-11aee2c55c08,d572bfb6-99df-45a1-abb5-7834991ce6bd,PJ sem prazo determinado,2026-01-14,2026-03-25,1016020,,,Encerrado,,,,,2026-03-31T16:10:28+00:00,2026-03-31T16:10:28+00:00
f83146ae-86d6-4770-b603-0555925390a6,a7419f66-1aca-44f0-8ab1-ecba774d355f,PJ sem prazo determinado,2026-01-14,2026-03-26,801230,,,Encerrado,,,,,2026-03-31T16:10:28+00:00,2026-03-31T16:10:28+00:00
a953c935-d2cf-4759-bc1f-a3c2bc71bf5d,610f4f4a-c6d4-4180-9c6f-8fe27bc3954c,PJ sem prazo determinado,2026-01-14,2026-03-26,698542,,,Encerrado,,,,,2026-03-31T16:10:28+00:00,2026-03-31T16:10:28+00:00
93c00379-a485-4028-b97b-d79cc2f04bcc,c03711b1-5564-4b77-9660-72ca9044e231,PJ sem prazo determinado,2026-01-14,,1099485,,,Ativo,,,,,2026-03-31T16:10:28+00:00,2026-03-31T16:10:28+00:00
1d8a34f9-0205-49db-ba80-25a445fb21d4,ccbdf2cd-94fe-4974-be98-db97aa83fa59,PJ sem prazo determinado,2026-01-14,2026-03-26,396188,,,Encerrado,,,,,2026-03-31T16:10:28+00:00,2026-03-31T16:10:28+00:00
08814c39-0a0d-4fde-af9e-19f7d68de8d1,b8744668-0860-481e-b623-617a42bb38e9,PJ sem prazo determinado,2026-01-14,2026-03-26,396188,,,Encerrado,,,,,2026-03-31T16:10:28+00:00,2026-03-31T16:10:28+00:00
2b765396-ee04-4d0b-ab7f-ea1dec98890b,7bc0de5b-a59f-4a5b-98ff-6803dcf798dc,PJ sem prazo determinado,2026-01-14,,563004,,,Ativo,,,,,2026-03-31T16:10:28+00:00,2026-03-31T16:10:28+00:00
f677553e-c7c3-451d-bb4b-05a594fba968,fcc3bdb0-f9b2-4a50-873f-8d40c1935f18,PJ sem prazo determinado,2026-01-14,2026-03-26,938340,,,Encerrado,,,,,2026-03-31T16:10:28+00:00,2026-03-31T16:10:28+00:00
fae2e310-dfb8-454e-ab88-599a31d90a08,a46830b9-1551-4fd4-82d2-99c8b92bf0d8,PJ sem prazo determinado,2026-01-14,,312780,,,Ativo,,,,,2026-03-31T16:10:28+00:00,2026-03-31T16:10:28+00:00
85b338dc-e90b-4dac-96a1-00a6220a376a,b45aa390-8c63-4fd5-a29b-05189bdecd96,PJ sem prazo determinado,2026-01-14,2026-03-25,834080,,,Encerrado,,,,,2026-03-31T16:10:28+00:00,2026-03-31T16:10:28+00:00
ed7116ad-cd3d-4901-a541-f0da7f67618a,54b4fbcd-2a63-45c5-bb6b-11e0b1431d4f,PJ sem prazo determinado,2026-01-14,2026-03-25,539545,,,Encerrado,,,,,2026-03-31T16:10:28+00:00,2026-03-31T16:10:28+00:00
b6f0db6e-af17-4c05-9054-f2b06316180a,d276a9a4-177d-495b-9597-45b493b669e0,PJ sem prazo determinado,2026-01-14,,1146860,,,Ativo,,,,,2026-03-31T16:10:28+00:00,2026-03-31T16:10:28+00:00
00feeb60-dd1f-491c-9ec4-a781bb9b5cb7,d3a04e1d-7a6d-4010-b8ee-99ad81ddcd05,PJ sem prazo determinado,2026-01-14,2026-03-25,938340,,,Encerrado,,,,,2026-03-31T16:10:28+00:00,2026-03-31T16:10:28+00:00
1cdd7287-0545-4e52-b9a6-b4e068e1a7bf,f40a7050-4631-4f16-9707-e6db44bd9130,PJ sem prazo determinado,2026-01-14,,1013511,,,Ativo,,,,,2026-03-31T16:10:28+00:00,2026-03-31T16:10:28+00:00
9d86346d-a7e4-4a2a-9db3-30c24110f0e7,b0044afa-e736-4425-8df4-0a4d4a5cba29,PJ sem prazo determinado,2026-01-14,,1772420,,,Ativo,,,,,2026-03-31T16:10:28+00:00,2026-03-31T16:10:28+00:00
73f83a15-92d9-4df3-9659-d634aced0d3b,6e3f0dd1-0763-4b73-9a6f-7f56c52308f0,PJ sem prazo determinado,2026-01-14,2026-03-25,1146860,,,Encerrado,,,,,2026-03-31T16:10:28+00:00,2026-03-31T16:10:28+00:00
ca28c9be-b1f5-4f5b-aba2-907bb7ca56aa,f3a11981-60f8-4a98-a874-b4486aa21021,PJ sem prazo determinado,2026-01-14,2026-03-25,1563900,,,Encerrado,,,,,2026-03-31T16:10:28+00:00,2026-03-31T16:10:28+00:00
b3ba17d1-364a-4268-8f82-0f9e26ce87d1,84efa434-e30f-448d-8e4a-066aa248e43f,PJ sem prazo determinado,2026-01-14,,729820,,,Ativo,,,,,2026-03-31T16:10:28+00:00,2026-03-31T16:10:28+00:00
6f3564ce-a7a6-4b02-bcef-681a8e1c9820,b3ae4502-8a3d-49d2-a61c-9507347592c0,PJ sem prazo determinado,2026-01-14,2026-03-25,1407510,,,Encerrado,,,,,2026-03-31T16:10:28+00:00,2026-03-31T16:10:28+00:00
8dc77623-6417-4bad-a80d-f24599df8bb8,d3dd6b7c-5860-461c-9ff5-14866ca165fd,PJ sem prazo determinado,2026-01-14,,584068,,,Ativo,,,,,2026-03-31T16:10:28+00:00,2026-03-31T16:10:28+00:00
b0a84936-441c-481f-a3c3-fea7f8a70fcb,24cef636-ef3b-49ce-ae2a-00036d695c17,PJ sem prazo determinado,2026-01-14,2026-03-26,427466,,,Encerrado,,,,,2026-03-31T16:10:28+00:00,2026-03-31T16:10:28+00:00
059d007c-e03e-4c39-bf60-b20a119253ee,d62f8ab4-4600-4a0f-aa7d-48c3fb580579,PJ sem prazo determinado,2026-01-14,2026-03-26,698542,,,Encerrado,,,,,2026-03-31T16:10:28+00:00,2026-03-31T16:10:28+00:00
7e682d33-8989-4a68-9819-4c3555f01812,8fdf9dfa-ad98-4fb2-9fdf-9eca6ef4c6a2,PJ sem prazo determinado,2026-01-14,2026-03-26,1011322,,,Encerrado,,,,,2026-03-31T16:10:28+00:00,2026-03-31T16:10:28+00:00
81422606-4999-49c5-88ee-d014d6dcd1de,764a1a3b-6280-499f-a7a5-a650d832d8a3,PJ sem prazo determinado,2026-03-23,,680000,,,Ativo,,,,,2026-03-31T16:10:28+00:00,2026-03-31T16:10:28+00:00
f52bfc6b-7c20-4f2b-b77e-8b841b64934c,51f59cff-c317-4d1d-974e-83f6225418c0,PJ sem prazo determinado,2026-03-02,,250000,,,Ativo,,,,,2026-03-31T16:10:28+00:00,2026-03-31T16:10:28+00:00
bf354da2-0b4d-4737-8f5c-4065bb2b4f79,cb89f8de-a28c-435f-a3ad-c7487ce83012,PJ sem prazo determinado,2026-02-01,,1148528,,,Ativo,,,,,2026-03-31T16:10:28+00:00,2026-03-31T16:10:28+00:00
9c8174ba-340b-4962-8e7e-343d270a5b47,f3a11981-60f8-4a98-a874-b4486aa21021,PJ sem prazo determinado,2026-02-01,,1642095,,,Ativo,,,,,2026-03-31T16:10:28+00:00,2026-03-31T16:10:28+00:00
997f6923-3218-4dfd-b13e-242d5b0005d7,b3ae4502-8a3d-49d2-a61c-9507347592c0,PJ sem prazo determinado,2026-02-01,,1689012,,,Ativo,,,,,2026-03-31T16:10:28+00:00,2026-03-31T16:10:28+00:00
65b748f8-5a89-46ef-a25c-c9cb69cd4a34,d572bfb6-99df-45a1-abb5-7834991ce6bd,PJ sem prazo determinado,2026-02-01,,1066822,,,Ativo,,,,,2026-03-31T16:10:28+00:00,2026-03-31T16:10:28+00:00
f66a3200-41f1-4813-a45f-d054a0c30863,b45aa390-8c63-4fd5-a29b-05189bdecd96,PJ sem prazo determinado,2026-02-01,,875784,,,Ativo,,,,,2026-03-31T16:10:28+00:00,2026-03-31T16:10:28+00:00
fdd73831-073f-4edb-ad80-59415454ac38,54b4fbcd-2a63-45c5-bb6b-11e0b1431d4f,PJ sem prazo determinado,2026-02-01,,566523,,,Ativo,,,,,2026-03-31T16:10:28+00:00,2026-03-31T16:10:28+00:00
bbe826ff-f4ff-445f-a269-fcf8cd33ffc3,c3c20e39-2b8d-4b7a-adab-874d5bb255ba,PJ sem prazo determinado,2026-02-01,,1057625,,,Ativo,,,,,2026-03-31T16:10:28+00:00,2026-03-31T16:10:28+00:00
1a93f562-c081-486f-a3a6-ac168932f8ac,d3a04e1d-7a6d-4010-b8ee-99ad81ddcd05,PJ sem prazo determinado,2026-02-01,,1041557,,,Ativo,,,,,2026-03-31T16:10:28+00:00,2026-03-31T16:10:28+00:00
efad292d-dae4-494a-afe4-c1654f7079f5,6e3f0dd1-0763-4b73-9a6f-7f56c52308f0,PJ sem prazo determinado,2026-02-01,,1204203,,,Ativo,,,,,2026-03-31T16:10:28+00:00,2026-03-31T16:10:28+00:00
3ef5803f-f520-4eed-b956-1ede46910313,610f4f4a-c6d4-4180-9c6f-8fe27bc3954c,PJ sem prazo determinado,2026-02-01,,838250,,,Ativo,,,,,2026-03-31T16:10:28+00:00,2026-03-31T16:10:28+00:00
1d3893d3-a50e-412b-88dd-1fbe51f3064d,d357fbc5-f31a-4bcd-a973-0ae6e0bcb394,PJ sem prazo determinado,2026-02-01,,1105377,,,Ativo,,,,,2026-03-31T16:10:28+00:00,2026-03-31T16:10:28+00:00
b6e52d05-b06c-4121-8870-2c317d5f58f2,324a9cab-85ca-4992-9c58-1fb270d49994,PJ sem prazo determinado,2026-02-01,,711401,,,Ativo,,,,,2026-03-31T16:10:28+00:00,2026-03-31T16:10:28+00:00
ba4e113d-b06a-4815-a556-ea354895ac13,6b3ba823-38bd-4ae7-96c2-d0b3d8b9bd12,PJ sem prazo determinado,2026-02-01,,502388,,,Ativo,,,,,2026-03-31T16:10:28+00:00,2026-03-31T16:10:28+00:00
378ede15-90e6-42e3-9164-e9866218f519,b8744668-0860-481e-b623-617a42bb38e9,PJ sem prazo determinado,2026-02-01,,419959,,,Ativo,,,,,2026-03-31T16:10:28+00:00,2026-03-31T16:10:28+00:00
8e82e6f3-9a15-430f-9511-b63129409cd6,24cef636-ef3b-49ce-ae2a-00036d695c17,PJ sem prazo determinado,2026-02-01,,512959,,,Ativo,,,,,2026-03-31T16:10:28+00:00,2026-03-31T16:10:28+00:00
26de7759-936a-4dfd-8bc6-02221a08442a,d62f8ab4-4600-4a0f-aa7d-48c3fb580579,PJ sem prazo determinado,2026-02-01,,754425,,,Ativo,,,,,2026-03-31T16:10:28+00:00,2026-03-31T16:10:28+00:00
eb3da51e-996c-4eaa-ac98-935797f54391,ccbdf2cd-94fe-4974-be98-db97aa83fa59,PJ sem prazo determinado,2026-02-01,,408074,,,Ativo,,,,,2026-03-31T16:10:28+00:00,2026-03-31T16:10:28+00:00
b47eb6de-9fe9-4ec2-8eda-8f9a50245f2a,a7419f66-1aca-44f0-8ab1-ecba774d355f,PJ sem prazo determinado,2026-02-01,,865329,,,Ativo,,,,,2026-03-31T16:10:28+00:00,2026-03-31T16:10:28+00:00
da5e819e-8f30-477c-b382-ecf3155cb6e9,fcc3bdb0-f9b2-4a50-873f-8d40c1935f18,PJ sem prazo determinado,2026-02-01,,975874,,,Ativo,,,,,2026-03-31T16:10:28+00:00,2026-03-31T16:10:28+00:00
b9855525-0876-470e-8a31-e87b59000935,8fdf9dfa-ad98-4fb2-9fdf-9eca6ef4c6a2,PJ sem prazo determinado,2026-02-01,,1061888,,,Ativo,,,,,2026-03-31T16:10:28+00:00,2026-03-31T16:10:28+00:00
